 2012-01-14  18:59:54 ;Giselle8820; “  @  samshalan:  @  msa3d_r  لاحظ  نموها  واحنا  نايمين  https://twitter.com/samshalan/status/158336013834534912/photo/1pic.twitter.com/cZoKxGp1 ”  #  Palestine  #  Arab  #  arabspring  #  isalm  #  FreePalestine 
 2012-01-14  18:59:51 ;manqolMnn; #  Syria  #  news  #  Freedom  #  Arab  #  ArabSpring  سوريا  قصيدة  ياجحيش  لأمير  قطر  حمد  بن  خليفة  آل  ثاني...  http://fb.me/1vyLYoAW6 
 2012-01-14  18:59:22 ;Medaniyeh; Interactive  map  of  events  in  #  Syria  -  14/01/2012:  http://g.co/maps/fb4sx  #  ArabLeague  #  ArabSpring  #  Assad  #  Mar15  #  MENA  #  FreeSyria  #  SyriaBleeds 
 2012-01-14  18:59:05 ;99sadadi; شهدائنا  منهم  الشباب  ومنهم  الرضيع  ومنهم  الشيوخ  ومنهم  النساء  ومنهم  الكبير  والصغير  لكنهم  كلهم  عظماء  #  bahrain  #  alwefaq  #  FEB14  #  LULU  #  arabspring 
 2012-01-14  18:57:53 ;bhr7or; #  BAHRAIN  #  14feb  #  DignityShoes  "حذاء  الكرامة"  وهي  أن  يقوم  أفراد  �  http://tl.gd/fb6fk1   via  @  Laith_Albahrain  #  FEB14  #  arabspring 
 2012-01-14  18:57:02 ;sara_HR4All; thestar  :  #  ArabSpring  passes  #  Canada  by  http://ow.ly/1DXMbD 
 2012-01-14  18:55:41 ;LuckyovLegends; police  brutality  in  Bahrain  O_O  RT  @  angryarabiya:  #  arabspring  #  bahrain  http://twitpic.com/87d2mg  #  fb 
 2012-01-14  18:55:17 ;1000freedom0001; ثلاثة  شهداء  قبل  خطاب  يسقط  حمد  و  كم  شهيد  سوف  يسقط  بعد  خطاب  يسقط  حمد؟  #  14feb  #  BAHRAIN  #  Democracy  #  Arabspring  #  lulu  #  Humanrights  #  Egypt  #  iraq 
 2012-01-14  18:53:58 ;manqolMnn; #  Syria  #  news  #  Freedom  #  Arab  #  ArabSpring  جندي  أمريكي  كُرم  بوسامين  تقديراً  لجهوده:  قتلت  عراقيين  ولم  أكن  أنظر  إليهم...  http://fb.me/1pZtvLFlh 
 2012-01-14  18:52:39 ;Sedqi; أمير  قطر  يقترح  ارسال  قوات  عربية  "لإيقاف  المذبحة  في  سوريا"  http://bbc.in/zgm0fA  #  arabspring  #  qatar  #  gcc  #  arab 
 2012-01-14  18:52:10 ;manu_libre; "  @  MARYAMALKHAWAJA:  3  dead  in  two  days,  #  bahrain  moving  from  worse  to  much  worse  #  feb14  #  arabspring"  and  al  jazira  is  a  such  a  big  silence!!! 
 2012-01-14  18:48:36 ;Kareemasaeed; #  bahrain  #  14feb  #  arabspring  #  Qateef  فكرة  مسيرة  الشهاده  آخر  مرحله  اما  النصر  او  الشهاده  وتكون  خروج  كل  المناطق  مسيرات  متوجهه  نحو  قصر  الصافريه 
 2012-01-14  18:47:22 ;MANQOL_NEWS_MNN; #  QATAR  #  Syria  #  news  #  Freedom  #  Arab  #  ArabSpring  عن  أي  (  إله  )  يتحدثون,  أي  (إسلام)  يعتنقو... 
 2012-01-14  18:46:48 ;MANQOL_NEWS_MNN; #  QATAR  #  Syria  #  news  #  Freedom  #  Arab  #  ArabSpring  وثائق  تثبت  كذب  مزاعم  شاهد  ظهر  على  قناة  ا... 
 2012-01-14  18:46:30 ;MANQOL_NEWS_MNN; #  QATAR  #  Syria  #  news  #  Freedom  #  Arab  #  ArabSpring  بري  كرر  لبان  كي  مون  أن  ما  يحصل  بسوريا  يخ... 
 2012-01-14  18:44:25 ;By_Menon; Thinking  of  #  Tunisia  today  on  the  first  anniversary  of  the  uprising.  #  Arabspring 
 2012-01-14  18:43:51 ;NoonArabia; There  is  so  much  injustice  in  #  Tunisia,  #  Egypt,  #  Yemen,  #  Syria  &  #  Bahrain.  I  feel  helpless  but  not  hopeless.  Hope  is  all  we  got.  #  ArabSpring 
 2012-01-14  18:43:33 ;manqolMnn; #  Syria  #  news  #  Freedom  #  Arab  #  ArabSpring  مواطن  فاض  به  الحال  يشكي  ماساته  وماساة  سوريا  في  الشارع  مواطن  فاض  به  الحال...  http://fb.me/Zi7RgfWh 
 2012-01-14  18:43:09 ;manqolMnn; #  Syria  #  news  #  Freedom  #  Arab  #  ArabSpring  بان  كي  مون:  رئيس  وزراء  قطر  أبلغني  أنه  سيقدم  إحاطة  في  مجلس  الأمن  عن  الوضع...  http://fb.me/1yvRUWOcj 
 2012-01-14  18:42:56 ;manqolMnn; #  Syria  #  news  #  Freedom  #  Arab  #  ArabSpring  رمضان  رئيساً  للاتحاد  السوري  لكرة  القدم  http://bit.ly/xFPH7A   (ساهم  معنا  في...  http://fb.me/1mz7mtLzk 
 2012-01-14  18:40:35 ;Dina_Q_; #  Reformjo  #  Arabspring  #  jo  #  amman  اذا  التيار  السلفي  بتعصبه  قرر  يغير  نهجه....الحكومات  شو  ابتستنى!  http://bit.ly/wmPsIV   - 
 2012-01-14  18:40:29 ;thawrah_bh; شهيدين..  سنزفهما  غدا  للجنان..للمقابر  الهــي  نسألك  اللطف  بهذه  القلوب  الحرى  #  Bahrain  #  14feb  #  arabspring 
 2012-01-14  18:39:48 ;KhaledReporting; #  Kuwait  police  crackdown  on  stateless  protests  -  English:  http://bit.ly/ADT2uW   guys  you  are  one  year  to  late.  #  ArabSpring 
 2012-01-14  18:39:02 ;raedalbashir; Thanx  :)  @  DianaMadani  ليس  كل  ما  يلمع  ذهبا-  انحدار  صفوة  تويتر  الاردن  >  http://www.jordanoholic.com/blog/reform/twitter-ordon …  by  @  RaedAlbashir  #  ReformJO  #  ArabSpring  #  JO 
 2012-01-14  18:37:52 ;phlox81; Vor  einem  Jahr  hatte  der  arabische  Frühling  seinen  ersten  Erfolg  in  Tunesien:  http://www.zeit.de/politik/ausland/2012-01/tunesien-umsturz-feier …  #  ArabSpring  #  Occupy 
 2012-01-14  18:35:57 ;NesmaMohsen; Sami  Yusuf's  photo  "Huge  respect  for  #  Tunisia  &  h..."  on  WhoSay  http://www.whosay.com/samiyusuf/photos/116927 …  via  @  samiyusuf  |  #  ArabSpring  |  #  Spiritique  |  #  SamiYusuf 
 2012-01-14  18:35:50 ;AliDahmash; RT  @  alhalahla:  كنا  نريد  أوطاناً  نموت  من  أجلها..  و  صار  لنا  أوطان  نموت  على  يدها  ‎  #  Arabspring‏  ‎  #  ReformJo‏  #  Jo 
 2012-01-14  18:34:58 ;_FaresAlMedan_; نداء  عاجل:  أمير  فتحي  عبدالصمد  معتقل  سياسي  مصاب  بمرض  يهدد  حياته  bahrainrights.hopto.org/ar/node/4965  #  BAHRAIN  #  arabspring 
 2012-01-14  18:33:55 ;AlJofairy; الله  يلعنك  يا  حمد  الله  يلعنك  يا  حمد  الله  يلعنك  يا  حمد..حتى  ينقطع  النفس  #  Bahrain  #  Bah  #  14Feb  #  feb14  #  Arabspring  #  Lulu  #  alwefaq  #  14bh  #  BH 
 2012-01-14  18:33:52 ;JessyDoulette; Màj  @  Pearltrees  #  ArabSpring  :  #  Tunisie  #  Jan14  #  JasminRevolt  #  Syrie  #  Egypte  //  #  SocialSpring  :  #  Chine  #  Roumanie  #  Espagne  http://is.gd/OnMReg 
 2012-01-14  18:33:43 ;Dr__Duaa; لولا  الشيعه  لما  وجد  الادب  لولا  السنه  لما  وجدت  المحبه  لولا  البحرين  لما  اجتمعنا  بأحضانها  ~  #  Bahrain  #  manama  #  FEB14  #  arabspring 
 2012-01-14  18:32:24 ;wildwalkerwoman; #  teargas  canister  which  was  shot  inside  Salma  Muhsin's  home,  causing  her  death  #  bahrain  #  feb14  #  arabspring  #  UN  http://twitpic.com/87d5wg  @  tg_id 
 2012-01-14  18:30:53 ;AbusaibaVoiceEn; The  teargas  canister  which  was  shot  inside  Salma  Muhsin's  home,  causing  her  death  #  bahrain  #  feb14  #  arabspring  #  UN  http://twitpic.com/87d5wg 
 2012-01-14  18:30:22 ;manqolMnn; #  Syria  #  news  #  Freedom  #  Arab  #  ArabSpring  لمن  لا  يعرف  الطفلة  التي  تحدثت  الى  وفد  الجامعة  العربية  في  حلب  الطفلة  هي...  http://fb.me/Ihq80J81 
 2012-01-14  18:30:13 ;sharek_with_us; #  SYRIA2DAY  #  QATAR  #  Syria  #  news  #  Freedom  #  Arab  #  ArabSpring  حقيقة  قافلة  الحرية  لمدعي  الثورة  و...  -  http://on.fb.me/zN0rlU 
 2012-01-14  18:30:08 ;sharek_with_us; #  SYRIA2DAY  #  QATAR  #  Syria  #  news  #  Freedom  #  Arab  #  ArabSpring  لمتابعة  كل  ما  يتم  بثه  على  قناة  ال...  -  http://on.fb.me/zk2Kx1 
 2012-01-14  18:30:01 ;sharek_with_us; #  SYRIA2DAY  #  QATAR  #  Syria  #  news  #  Freedom  #  Arab  #  ArabSpring  احتجاجات  أمام  سفارة  قطر  على  دور  ح...  -  http://on.fb.me/xzMH0Y 
 2012-01-14  18:29:59 ;sharek_with_us; #  FREEDOM  #  SYRIA  #  NEWS  #  QATAR  #  Syria  #  news  #  Freedom  #  Arab  #  ArabSpring  #  qatar  فورن  بوليسي  :...  -  http://on.fb.me/xyFh10 
 2012-01-14  18:29:53 ;Eurabist; "  @  AJEnglish:  Op-ed:  Larbi  Sadiki  writes  on  the  one-year  anniversary  of  the  revolution  in  #  Tunisia  http://aje.me/yPcgkX  #  ArabSpring" 
 2012-01-14  18:27:46 ;Grateful2Allah; @  Fadi_Dalati  insha  'Allah  we  will  soon  be  celebrating  #  freedom  &  justice  for  all  the  countries  in  the  middle  east!  Ameen  Ya  Rabb  #  ArabSpring 
 2012-01-14  18:25:59 ;manqolMnn; #  Syria  #  news  #  Freedom  #  Arab  #  ArabSpring  (((((  هام  للغاية  للنشر  والتعميم  والاغراق  -  لاتتردد  بالقراءة  فسوريا  تستحق...  http://fb.me/149Dx2aBL 
 2012-01-14  18:25:37 ;AJEnglish; Op-ed:  Larbi  Sadiki  writes  on  the  one-year  anniversary  of  the  revolution  in  #  Tunisia  http://aje.me/yPcgkX  #  ArabSpring 
 2012-01-14  18:24:09 ;looooming; #  Tunisie  #  egypt  #  arabspring  شارع  الحبيب  بورقيبة  في  الذكرى  الأولى  لنجاح  الثورة  http://on.fb.me/wHV3G0 
 2012-01-14  18:22:52 ;fogelklou; RT  @  angryarabiya:  "If  this  is  spring,  what  will  winter  be  like?"  @  MARYAMALKHAWAJA  #  arabspring  #  bahrain  http://twitpic.com/87d2mg  #  fb 
 2012-01-14  18:21:51 ;qutub_1; رائع:  "يلا  ارحل  يا  بشار"  في  تونس  في  الذكرى  السنوية  لثورتهم!  شرفاء  يا  أهل  تونس  ورب  الكعبة  http://www.facebook.com/video/video.php?v=277603622295561 …  #  syria  #  tunisia  #  arabspring 
 2012-01-14  18:20:45 ;manqolMnn; #  Syria  #  news  #  Freedom  #  Arab  #  ArabSpring  كلمة  حق  من  تونسي  راجل  للجزيرة  و  قطر  في  المباشر...  http://fb.me/1yJjF3mWN 
 2012-01-14  18:19:40 ;SMandeel; #  arabspring  .. 
 2012-01-14  18:18:33 ;SAIDYOUSIF; The  teargas  canister  which  was  shot  inside  Salma  Muhsin's  home,  causing  her  death  #  bahrain  #  feb14  #  arabspring  #  UN  http://twitpic.com/87d5wg 
 2012-01-14  18:18:00 ;Taylor_Luck; ضباط  منشقين  تشكيل  "المجلس  العسكري  السوري  الاعلى"  لتنظيم  عمليات  الانشقاق  و  تخطيت  عمليات  عسكرية  ضد  النظام  السوري  -  S  #  Syria  #  ArabSpring 
 2012-01-14  18:17:28 ;BasmaBHR; Plz  stop  :'(  “  @  angryarabiya:  If  THIS  is  spring!  Then  what  the  hell  will  winter  be  like?!  #  bahrain  #  arabspring  http://twitpic.com/87d4cy ” 
 2012-01-14  18:15:02 ;ASLANmedia; #  TUNISIA  celebrates  one  year  anniversary  of  #  BenAli  ouster  which  inspired  #  ArabSpring.  http://ow.ly/8tCWx  #  Jan14  #  Jan25  #  Feb17  #  Mar15 
 2012-01-14  18:15:02 ;Trackerinblue; @  angryarabiya  God  bless  dear  soul  of  Ahmed  Farhan  #  bahrain  #  arabspring 
 2012-01-14  18:14:19 ;angryarabiya; If  THIS  is  spring!  Then  what  the  hell  will  winter  be  like?!  #  bahrain  #  arabspring  http://twitpic.com/87d4cy 
 2012-01-14  18:14:06 ;WIMS60; @  MARYAMALKHAWAJA  @  jihankazerooni  #  bahrain  #  feb14  #  arabspring  I  don't  c  that.  Th  truth  is  this  what  ur  sect  is  trying  to  lead  to@gloriahere 
 2012-01-14  18:13:31 ;manqolMnn; #  Syria  #  news  #  Freedom  #  Arab  #  ArabSpring  اثبات  وجود  جماعات  إرهابية  مسلحة  في  سوريا  تهاجم  الأمن...  http://fb.me/1FzPJFaP8 
 2012-01-14  18:13:20 ;france7776; RT  @  angryarabiya:  "If  this  is  spring,  what  will  winter  be  like?"  @  MARYAMALKHAWAJA  #  arabspring  #  bahrain  http://twitpic.com/87d2mg 
 2012-01-14  18:13:10 ;saminauk; "  @  angryarabiya:  "If  this  is  spring  what  will  winter  be  like"  @  MARYAMALKHAWAJA  #  bahrain  #  arabspring  beaten  by  police  http://twitpic.com/87d11h ">RT 
 2012-01-14  18:12:12 ;france7776; RT  @  angryarabiya:"If  this  is  spring  wht  wll  winter  b  like"  @  MARYAMALKHAWAJA  #  bahrain  #  arabspring  beatn  by  police  http://twitpic.com/87d11h 
 2012-01-14  18:11:56 ;MARYAMALKHAWAJA; The  teargas  canister  which  was  shot  inside  Salma  Muhsin's  home,  causing  her  death  http://twitpic.com/87cud4  #  bahrain  #  feb14  #  arabspring 
 2012-01-14  18:11:42 ;CurlingRiver; “  @  angryarabiya:  "If  this  is  spring,  what  will  winter  be  like?"  @  MARYAMALKHAWAJA  #  arabspring  #  bahrain  http://twitpic.com/87d2mg ” 
 2012-01-14  18:11:37 ;angryarabiya; "If  this  is  spring,  what  will  winter  be  like?"  @  MARYAMALKHAWAJA  #  bahrain  #  arabspring  http://twitpic.com/87d3ba 
 2012-01-14  18:11:36 ;MohmdRidha; #  Bahrain  3  #  14Feb  #  Arabspring  البحرين  -  شهيدة  جديدة  تنضم  لقافلة  الشهداء  في  قرية  باربار  وهي  الشهيدة  سلمى  عبد  المح...  http://on.fb.me/yPNW29 
 2012-01-14  18:10:19 ;Trackerinblue; All  I  keep  saying  is,  "Dear  God,  please  make  this  stop"  #  arabspring  #  bahrain  #  children 
 2012-01-14  18:09:52 ;angryarabiya; "If  this  is  spring,  what  will  winter  be  like?"  @  MARYAMALKHAWAJA  #  arabspring  #  bahrainhttp://twitpic.com/87d2mg 
 2012-01-14  18:08:57 ;Bahrani14feb14; الشهيد  يوسف  ومن  ثم  الشهيدة  سلمى  أرسلوا  رسالة  واضحة  جدا  لمن  يريد  أو  يحاول  إصلاح  هذا  النظام  #  Feb14  #  arabspring  #  bahrain  #  Qatif  #  kuwait  #  Egypt 
 2012-01-14  18:07:56 ;hussam_q; من  انتاج  الثوره  الطاهره  التونسيه  وزير  التعليم  العالي  عالم  رياضيات  وكان  بائع  خضرا  في  زمن  الطاغي  منعه  من  مغادره  تونس  و  اعتقل  #  Arabspring 
 2012-01-14  18:07:41 ;angryarabiya; "If  this  is  spring,  what  will  winter  be  like?"  @  MARYAMALKHAWAJA  #  bahrain  #  arabspring  http://twitpic.com/87d1rt 
 2012-01-14  18:06:38 ;manqolMnn; #  Syria  #  news  #  Freedom  #  Arab  #  ArabSpring  كلمة  حق  من  اخوتنا  في  تونس  القرضاوي  سمسار...  http://fb.me/13w8toqrk 
 2012-01-14  18:05:49 ;angryarabiya; "If  this  is  spring  what  will  winter  be  like"  @  MARYAMALKHAWAJA  #  bahrain  #  arabspring  beaten  by  police  http://twitpic.com/87d11h 
 2012-01-14  18:05:40 ;Fadi_Dalati; Still  wondering  if  #  ArabSpring  is  blooming?  The  free  people  are  taking  charge!  http://tinyurl.com/6u9wkbo   http://tahrirnews.com/%D8%A3%D8%AD%D8%AF%D8%A7%D8%AB-%D9%88%D9%88%D9%82%D8%A7%D8%A6%D8%B9/%D8%A7%D9%84%D8%A5%D8%B9%D9%84%D8%A7%D9%86-%D8%B9%D9%86-%D8%AA%D9%83%D9%88%D9%8A%D9%86-%C2%AB%D8%AC%D8%A8%D9%87%D8%A9-%D8%A7%D9%84%D8%A5%D8%A8%D8%AF%D8%A7%D8%B9-%D8%A7%D9%84%D9%85%D8%B5%D8%B1%D9%8A/ … 
 2012-01-14  18:05:23 ;AnonymousFarmer; إن  لم  تعلمنا  الثورات  إحسان  الحكم  على  الشعوب  ومساندة  بعضنا  بعضا  وتقدير  قيمة  الإنسان  فقد  نكلنا  بشهدائنا  الأبرار  ..  ضحايا  الحكومات  #  ArabSpring 
 2012-01-14  18:05:12 ;Charlotte_Intl; Syria  on  the  edge.  http://ow.ly/8slS3  #  Syria  #  ArabSpring  #  protest  #  expatriate  #  Turkey 
 2012-01-14  18:04:17 ;manqolMnn; #  Syria  #  news  #  Freedom  #  Arab  #  ArabSpring  تخفيض  التصنيف  الائتماني  لـ  9  دول  اوربية  http://bit.ly/xBGlBi   (ساهم  معنا...  http://fb.me/11PUn8Oq5 
 2012-01-14  18:04:17 ;angryarabiya; "If  this  is  spring,  what  will  winter  be  like"  @  MARYAMALKHAWAJA  #  arabspring  #  bahrain  15yr  old  martyr  http://twitpic.com/87d0gd 
 2012-01-14  18:03:44 ;lagelgirl; لا  جديد  يا  غراب  ألبين،فقد  أصبحت  مجرد  خبر  خطابك  شؤم  علينا،  تيقنا  بأن  مصائبنا  لا  تخلوا  من  تواجدك،فاغرب  عنا  #  arabspring 
 2012-01-14  18:03:36 ;manqolMnn; #  Syria  #  news  #  Freedom  #  Arab  #  ArabSpring  مجموعة  جدايل  سورية  تشدد  على  الوحدة  الوطنية  http://bit.ly/wiKUVs   منقول  عن...  http://fb.me/1fUZR3w1S 
 2012-01-14  18:02:36 ;MANQOL_NEWS_MNN; #  QATAR  #  Syria  #  news  #  Freedom  #  Arab  #  ArabSpring  عمير  بيرتس:  نأمل  بعد  سقوط  النظام  في  سوري... 
 2012-01-14  18:02:30 ;AnonymousFarmer; التباغض  والطائفية  ،  العنصرية  وعدم  الألفة  ،  الشك  والخوف  والاختباء  ،  صفات  شاذة  عن  الطبيعة  الإنسانية  تولدها  فينا  وترعاها  حكوماتنا  #  ArabSpring 
 2012-01-14  18:02:25 ;manqolMnn; #  Syria  #  news  #  Freedom  #  Arab  #  ArabSpring  مجموعة  جدايل  سورية  تشدد  على  الوحدة  الوطنية  http://bit.ly/wiKUVs   (ساهم  معنا...  http://fb.me/GmSoh6ON 
 2012-01-14  18:02:15 ;MANQOL_NEWS_MNN; #  QATAR  #  Syria  #  news  #  Freedom  #  Arab  #  ArabSpring  رفيق  نصرالله:  تبلغت  من  احبة  لي  ان  سبب  عد... 
 2012-01-14  18:01:54 ;MANQOL_NEWS_MNN; #  QATAR  #  Syria  #  news  #  Freedom  #  Arab  #  ArabSpring  لمتابعة  كل  ما  يتم  بثه  على  قناة  الدنيا  ال... 
 2012-01-14  18:01:52 ;MANQOL_NEWS_MNN; #  QATAR  #  Syria  #  news  #  Freedom  #  Arab  #  ArabSpring  احتجاجات  أمام  سفارة  قطر  على  دور  حكام  الد... 
 2012-01-14  18:01:49 ;MANQOL_NEWS_MNN; #  QATAR  #  Syria  #  news  #  Freedom  #  Arab  #  ArabSpring  حقيقة  قافلة  الحرية  لمدعي  الثورة  وشهادة  أ... 
 2012-01-14  18:01:47 ;MANQOL_NEWS_MNN; #  QATAR  #  Syria  #  news  #  Freedom  #  Arab  #  ArabSpring  في  حمص  شهادات  وحقائق  تنسف  روايات  حكومة  ب... 
 2012-01-14  18:01:38 ;MANQOL_NEWS_MNN; #  QATAR  #  Syria  #  news  #  Freedom  #  Arab  #  ArabSpring  جولة  المراقبين  العرب  في  الحسكة  14-1-2012... 
 2012-01-14  18:01:32 ;MANQOL_NEWS_MNN; #  QATAR  #  Syria  #  news  #  Freedom  #  Arab  #  ArabSpring  في  القامشلي  المواطنون  يطالبون  الجامعة  ال... 
 2012-01-14  18:00:08 ;AnonymousFarmer; أشاهد  سوريا  والبحرين  واليمن  ...  أنظر  إلى  تونس  ومصر  ،  ولا  أرى  سوى  حكومات  استنزفت  عقول  وأرواح  المواطنين  كالطفيليات  #  ArabSpring 
 2012-01-14  17:59:46 ;manqolMnn; #  Syria  #  news  #  Freedom  #  Arab  #  ArabSpring  المالكي  يحذر  تركيا  من  التدخل  في  الشؤون  الداخلية  العراقية...  http://fb.me/1iHt9n62Y 
 2012-01-14  17:59:41 ;manqolMnn; #  Syria  #  news  #  Freedom  #  Arab  #  ArabSpring  المالكي  يحذر  تركيا  من  التدخل  في  الشؤون  الداخلية  العراقية...  http://fb.me/1wrBGTwff 
 2012-01-14  17:57:47 ;manqolMnn; #  Syria  #  news  #  Freedom  #  Arab  #  ArabSpring  لا  أثر  لأزمة  السوق  على  عقود  التأمين  في  سورية  http://bit.ly/wc4VX7   (ساهم...  http://fb.me/BbVsWQjm 
 2012-01-14  17:55:52 ;Fadi_Dalati; #  ArabSpring  blooming  against  all  odds!  United  front  to  defend  art  and  creativity  formed  in  #  Egypt  http://tahrirnews.com/%D8%A3%D8%AD%D8%AF%D8%A7%D8%AB-%D9%88%D9%88%D9%82%D8%A7%D8%A6%D8%B9/%D8%A7%D9%84%D8%A5%D8%B9%D9%84%D8%A7%D9%86-%D8%B9%D9%86-%D8%AA%D9%83%D9%88%D9%8A%D9%86-%C2%AB%D8%AC%D8%A8%D9%87%D8%A9-%D8%A7%D9%84%D8%A5%D8%A8%D8%AF%D8%A7%D8%B9-%D8%A7%D9%84%D9%85%D8%B5%D8%B1%D9%8A/ … 
 2012-01-14  17:55:36 ;ATawfeek; واهمٌ  او  مجنون  من  يظن  انّه  سيحكم  شعباً  خرج  يهتف  باسقاطه  ورحيله  ...  فحين  يقتل  ثائر  يزرع  مكانه  الف  ثائر  #  Syria  #  ArabSpring 
 2012-01-14  17:54:27 ;SAIDYOUSIF; They  stole  4500  BD,  3  phones,  a  laptop  and  the  walled  of  Ahmed  Hassan  who  they  arrested  #  bahrain  #  feb14  #  arabspring 
 2012-01-14  17:54:07 ;MartyrsPearl; كنت  أقول  لزوجي  الله  يستر  من  خطاب  الملك  لازم  نطلع  صدقة  بكرة..  لكن  حصاد  الأرواح  سبق  نعيق  الغراب  #  BAHARIN  #  alwafaq  #  14FEB  #  arabspring 
 2012-01-14  17:53:52 ;manqolMnn; #  Syria  #  news  #  Freedom  #  Arab  #  ArabSpring  المؤتمر  الأول  لأيام  العلوم  البيئية  في  جامعة  دمشق  http://bit.ly/A5n23Q ...  http://fb.me/1DQCPU3Xc 
 2012-01-14  17:53:33 ;BahInjustice; Maryam  Alkhawaja  |  3  dead  in  two  days,  #  bahrain  moving  from  worse  to  much  worse  #  feb14  #  arabspring 
 2012-01-14  17:52:58 ;somalilandpress; Somaliland  News:  Tunisia  marks  year  since  Ben  Ali  ousted:  http://tinyurl.com/7vc6oqq  #  Africa  #  Africa  #  ArabSpring  #  Tunisia 
 2012-01-14  17:52:53 ;manqolMnn; #  Syria  #  news  #  Freedom  #  Arab  #  ArabSpring  لمتابعة  كل  ما  يتم  بثه  على  قناة  الدنيا  الفضائية  من  نشرات  أخبار  سياسية  و...  http://fb.me/155Y5k8UJ 
 2012-01-14  17:52:39 ;Abul_Hasanat; #  Islamist  Prospects  in  #  Algeria  -  Follow  the  author  here:  @  themoornextdoor  http://www.fairobserver.com/article/islamist-prospects-algeria#.TxIGcZalnvo.twitter …  via  @  AddThis  #  arabspring 
 2012-01-14  17:51:20 ;prince29992; رحم  ٱللـہ  من  قرأ  سورة  الفاتحة  واهدا  روح  ثوابها  الى  شهدائنا  الأبرار  والمؤمنين  والمؤمنات  #  bahrain  #  feb14  #  lulu  #  bh  #  Kuwiat  #  Egypt  #  ArabSpring 
 2012-01-14  17:50:09 ;Fadi_Dalati; Congrats  #  Tunisia  your  freedom  anniversary  is  a  true  gift  and  great  symbol  of  #  ArabSpring  pic.twitter.com/bDsD7T4d 
 2012-01-14  17:49:14 ;manqolMnn; #  Syria  #  news  #  Freedom  #  Arab  #  ArabSpring  اللاذقية  الحمضيات  انتاج  وفير  وتسويق  ضعيف  http://bit.ly/ArpnON   (ساهم  معنا...  http://fb.me/1eL5UfKhJ 
 2012-01-14  17:48:48 ;Tom_Basha; #  UN  chief  says  will  provide  #  AL  observers  to  #  Syria  technical  assistance.  http://www.dailystar.com.lb/News/Politics/2012/Jan-14/159905-ban-no-need-to-amend-stl-protocol.ashx#axzz1jSp73RHy …  #  Assad  #  Damascus  #  ArabSpring  #  Ban  #  ArabLeague 
 2012-01-14  17:48:07 ;Yosef_abdullah; فيديو  -  بدنا  حرية  /  يحيى  حوا  http://www.youtube.com/watch?v=NHsGtZZY6R8 …  #  Syria  #  Yemen  #  Egypt  #  Tunisia  #  Palestine  #  Arabspring 
 2012-01-14  17:47:39 ;bahrain_freed0m; Another  martyr  in  #  bahrain  from  taking  in  teargas  #  us  #  uk  #  Tunisia  #  lulureturn  #  lebanon  #  kuwait  #  algeria  #  arabspring  #  egypt  #  feb14 
 2012-01-14  17:47:31 ;manqolMnn; #  Syria  #  news  #  Freedom  #  Arab  #  ArabSpring  تونس  في  مواجهة  البطالة  وتعثر  النمو  http://bit.ly/wYvCTL   (ساهم  معنا  في  نشر...  http://fb.me/FTIbKPRF 
 2012-01-14  17:46:40 ;Tom_Basha; #  UN  chief  says  military  intervention  in  #  Syria  not  suggested  yet.  http://www.dailystar.com.lb/News/Politics/2012/Jan-14/159905-ban-no-need-to-amend-stl-protocol.ashx#axzz1jSp73RHy …  #  Lebanon  #  ArabSpring  #  Assad  #  Damscus  #  Ban 
 2012-01-14  17:46:08 ;theheartlander; #  Ethanol  -->  increased  food  prices  -->  3rd  world  food  riots  -->  polit'l  instability  -->  #  ArabSpring  etc.  -->  radical  #  Islamists  takeover 
 2012-01-14  17:46:03 ;F1_STOP; TheGridF1:  Do  you  think  #  F1  should  Race  in  #  Bahrain?  VOTE  Now  http://bit.ly/BHF1Poll  #  FIA  #  arabspring  #  AVAAZ  #  Formula 
 2012-01-14  17:45:20 ;AnonymousFarmer; من  ينظر  إلى  مأسي  العالم  اللاإنسانية  وعاد  إلى  مسبباتها  الأولية  لرأى  حكومات  قمعية  مستبدة  تبتسم  بخبث  #  ArabSpring 
 2012-01-14  17:44:55 ;manqolMnn; #  Syria  #  news  #  Freedom  #  Arab  #  ArabSpring  وفد  الجالية  السورية  في  روسيا  يزور  اتحاد  الصحفيين  http://bit.ly/wefHPg ...  http://fb.me/MdBrSUGY 
 2012-01-14  17:44:49 ;manqolMnn; #  Syria  #  news  #  Freedom  #  Arab  #  ArabSpring  وفد  الجالية  السورية  في  روسيا  يزور  اتحاد  الصحفيين  http://bit.ly/wefHPg ...  http://fb.me/15jzYOyN3 
 2012-01-14  17:44:34 ;shabbirghewalla; http://fro.gy/1omys   "3  dead  in  two  days,  #  bahrain  moving  from  worse  to  much  worse  #  feb14  #  arabspring" 
 2012-01-14  17:44:15 ;Seba79H; الذكرى  الأولى  لتونس  الثورة  -  ومضات  ثورية  http://the-point-o-view.blogspot.com/2012/01/blog-post_15.html …  #  Tunis  #  Arabspring  #  ReformJO  #  JO  #  Amman 
 2012-01-14  17:44:06 ;Taylor_Luck; Syrian  opposition  to  take  case  to  UN  Security  Council  |  The  Jordan  Times  via  @  JordanTimes  #  Syria  #  Jordan  #  JO  #  ArabSpring 
 2012-01-14  17:43:45 ;manqolMnn; #  Syria  #  news  #  Freedom  #  Arab  #  ArabSpring  المواطنون  السوريون  يؤكدون  سقوط  أقنعة  التضليل  والحرب  الاعلامية...  http://fb.me/1tBOZNVtj 
 2012-01-14  17:43:17 ;Abrar__BH; لا  تمشي  و  تخلي  دمع  عيني  يهل  *  http://yfrog.com/h8v6ccvbj  #  Bahrain  #  BHMartyrs  #  Arabspring 
 2012-01-14  17:43:14 ;manqolMnn; #  Syria  #  news  #  Freedom  #  Arab  #  ArabSpring  المواطنون  السوريون  يؤكدون  سقوط  أقنعة  التضليل  والحرب  الاعلامية...  http://fb.me/1tX6B4sJU 
 2012-01-14  17:43:00 ;Tom_Basha; UN#chief  says  military  intervention  in  #  Syria  not  suggested  yet.  #  Assad  #  ArabSpring  #  Ban  #  Lebanon  http://www.dailystar.com.lb/News/Politics/2012/Jan-14/159905-ban-no-need-to-amend-stl-protocol.ashx#axzz1jSp73RHy … 
 2012-01-14  17:42:57 ;S3OODZ; 3  dead  in  two  days,  #  bahrain  moving  from  worse  to  much  worse  #  feb14  #  arabspring 
 2012-01-14  17:41:41 ;Salm2nBH; باربار  تقدم  قربانها  في  الثورة  البحرينية  ،  الشهيدة  سلمى  عبدالمحسن  اثر  اختناقها  بالمسيلات  الخانقة  من  قبل  المرتزقة  #  Arabspring  #  bahrain 
 2012-01-14  17:41:24 ;Abrar__BH; و  تستمر  تضحيات  الشعب  ..  بالأمس  الشهيد  يوسف  و  اليوم  الشهيدة  سلمى  #  Bahrain  #  BHMartyrs  #  arabspring 
 2012-01-14  17:40:37 ;MARYAMALKHAWAJA; 3  dead  in  two  days,  #  bahrain  moving  from  worse  to  much  worse  #  feb14  #  arabspring 
 2012-01-14  17:39:23 ;Mulhimy; يقولون:  هاهي  الثورات  العربية  تسقط  الطغاة  بالمظاهرات  السلمية،  بدون  عنف  القاعدة.  أقول  :  تحتاج  إلى  مراجعة  الطبيب  النفسي.  #  ArabSpring 
 2012-01-14  17:39:16 ;Salm2nBH; الله  يلعنك  ياحمد  ،  هذا  وللحين  ماتكلمت  سقطت  شهيدة  .  يسقط  حمد  يسقط  حمد  #  bahrain  #  Arabspring 
 2012-01-14  17:38:28 ;Ferey; “  @  Zarakhaled:  RT  @  MARYAMALKHAWAJA  15  year  old  AbdulRedha  Abbas  was  arrested  and  his  family  fear  torture  #  bahrain  #  feb14  #  arabspring” 
 2012-01-14  17:37:12 ;Abrar__BH; ولكن  .  .  أين  بن  علي  اليوم  ؟  دائمًا  الشعوب  هي  الأبقى  :)  #  Bahrain  #  Tunisia  #  arabspring 
 2012-01-14  17:37:02 ;1954candanga; AP:  #  Tunisia  marks  1st  anniversary  of  #  ArabSpring  http://apne.ws/y7iQEg   v  @  acarvin 
 2012-01-14  17:36:36 ;manqolMnn; #  Syria  #  news  #  Freedom  #  Arab  #  ArabSpring  تهديد  بتدمير  ابار  المياه  الارتوازية  بالزبداني  و  التي  تغزي  مدينة  دمشق...  http://fb.me/1nmyAbN3w 
 2012-01-14  17:36:16 ;BleedingN; يا  الله  عجل  بسقوط  جميع  حكام  العرب  الظالمين  #  Bahrain  #  arabspring  #  1010t10 
 2012-01-14  17:36:01 ;Abrar__BH; لم  يحرق  نفسه  إلا  من  حرقة  توغل  الظلم  إلى  أحشاءه  ..  هكذا  هم  الحكام  العرب  يستمرون  بقهر  شعوبهم  #  Bahrain  #  Tunisia  #  arabspring 
 2012-01-14  17:33:49 ;MARYAMALKHAWAJA; Salma  Mohsin  Abbas  died  tonight  from  teargas  suffocation  after  security  forces  shot  teargas  inside  her  home  in  Barbar  #  bahrain  #  arabspring 
 2012-01-14  17:33:46 ;A_h_m_e_d_87; اليوم  سوف  يكون  يوم  عصيبا  على  البحرين  فصبرك  الله  يا  بحرين  الأبيه  #  14feb  #  arabspring  #  bahrain  #  TGOUN 
 2012-01-14  17:32:18 ;Bahrain_unity; "  @  Reuters:  Qatar  emir  suggests  sending  Arab  troops  to  Syria  http://reut.rs/xqYcNr "  #  Qatar  #  SYRIA  #  GCC  #  KSA  #  Bahrain  #  UAE  #  Oman  #  ArabSpring 
 2012-01-14  17:29:41 ;sharek_with_us; #  FREEDOM  #  SYRIA  #  NEWS  #  QATAR  #  Syria  #  news  #  Freedom  #  Arab  #  ArabSpring  دمشق  البرامكة  14  1  2...  -  http://on.fb.me/y58c0m 
 2012-01-14  17:29:28 ;sharek_with_us; #  FREEDOM  #  SYRIA  #  NEWS  #  QATAR  #  Syria  #  news  #  Freedom  #  Arab  #  ArabSpring  حلب  14  1  2012  http:...  -  http://on.fb.me/xx4RYh 
 2012-01-14  17:28:48 ;MSNArabia; #  Egypt  #  EssamSharaf  #  ArabSpring  #  Beirut  http://bit.ly/xhvbFf   عصام  شرف  يطير  إلى  بيروت  للمشاركة  بندوة  'الربيع  العربى' 
 2012-01-14  17:28:05 ;emmamurwyed; Je  vis  pour  elle!  Mais  pas  la  musique  cette  fois  ci,  La  revolution  :)  #  Syria  #  Tunisia  #  ArabSpring 
 2012-01-14  17:28:01 ;manqolMnn; #  Syria  #  news  #  Freedom  #  Arab  #  ArabSpring  الملك  الاردني  الى  واشنطن  ..واوباما  واردوغان  يبحثان  الملف  الايراني...  http://fb.me/18Y8rVZfT 
 2012-01-14  17:23:37 ;BahInjustice; Maryam  Alkhawaja  |  15  year  old  AbdulRedha  Abbas  was  arrested  and  his  family  fear  torture  #  bahrain  #  feb14  #  arabspring 
 2012-01-14  17:23:31 ;BahInjustice; Maryam  Alkhawaja  |  They  stole  4500  BD,  3  phones,  a  laptop  and  the  walled  of  Ahmed  Hassan  who  they  arrested  #  bahrain  #  feb14  #  arabspring 
 2012-01-14  17:21:32 ;hooood0; “  @  MARYAMALKHAWAJA:  15  year  old  AbdulRedha  Abbas  was  arrested  and  his  family  fear  torture  #  bahrain  #  feb14  #  arabspring” 
 2012-01-14  17:20:02 ;manqolMnn; #  Syria  #  news  #  Freedom  #  Arab  #  ArabSpring  عن  أي  (  إله  )  يتحدثون,  أي  (إسلام)  يعتنقون  ؟؟!!.  بقلم:  فادي  رجب  من  منطلق...  http://fb.me/1iQVEeSGX 
 2012-01-14  17:19:38 ;MANQOL_NEWS_MNN; #  QATAR  #  Syria  #  news  #  Freedom  #  Arab  #  ArabSpring  جولة  المراقبين  العرب  في  حماة  14-1-2012  h... 
 2012-01-14  17:19:13 ;MANQOL_NEWS_MNN; #  QATAR  #  Syria  #  news  #  Freedom  #  Arab  #  ArabSpring  جولة  المراقبين  العرب  في  درعا  14-1-2012  م... 
 2012-01-14  17:13:27 ;manqolMnn; #  Syria  #  news  #  Freedom  #  Arab  #  ArabSpring  وثائق  تثبت  كذب  مزاعم  شاهد  ظهر  على  قناة  الجزيرة  الفضائية  سؤال  طرحه  أحد...  http://fb.me/1yu4wDsem 
 2012-01-14  17:09:38 ;ma2moon; الان  على  الجزيرة  الفلم  التوثيقي  How  to  Start  a  Revolution  ل  جين  شارب  #  ArabSpring  #  NonViolentStruggle  فلم  بينحضر  @  LinaWaheeb  @  diaeshtayeh 
 2012-01-14  17:08:55 ;Ben_Mussa; ربيع  العرب  ..  وخريف  إسرائيل  ..  وجدتي  ..  http://wp.me/p24lJO-16   بقلم  أحمد  بن  موسى  #  Libya  #  Arab  #  Qatar  #  ArabSpring  #  Israel 
 2012-01-14  17:08:36 ;ImFromBahrain; لو  كان  البوعزيزي  "بحراني"  فكيف  ستكون  ردود  الافعال  العربية  ؟  #  bahrain  #  14feb  #  manama  #  arabspring  #  tunisia  #  egypt...  http://fb.me/1cxvgOfQM 
 2012-01-14  17:08:22 ;WissamObeid; جميلة  ديكاج  التونسية  وإمشي  المصري  وارحل  اليمنية  ولكن  الأجمل  انقلع  السورية  #  Syria  #  Egypt  #  Tunis  #  Yemen  #  ArabSpring 
 2012-01-14  17:08:05 ;ma2moon; الان  على  الجزيرة  الفلم  التوثيقي  How  to  Start  a  Revolution  ل  جين  شارب  #  reformJo  #  ArabSpring  #  NonViolentStruggle  فلم  بينحضر  @  jaber87  @  m_househ 
 2012-01-14  17:07:50 ;manqolMnn; #  Syria  #  news  #  Freedom  #  Arab  #  ArabSpring  بري  كرر  لبان  كي  مون  أن  ما  يحصل  بسوريا  يختلف  عن  باقي  الدول  العربية  علمت...  http://fb.me/1pAs3WpNp 
 2012-01-14  17:07:16 ;AHMEDSKY2; الخطاب  اليوم  ،  الكلب  لا  يغرد  #  Feb14  #  bahrain  #  ArabSpring  #  tntnttn 
 2012-01-14  17:06:50 ;sbunaser; تنام  عين  الظالم  وعين  المظلوم  ساهرة  تدعو  على  من  ظلمها  #  14febtv  #  arabspring  #  alwefaq  #  bahrain  #  lulu 
 2012-01-14  17:06:43 ;juhui67; @  BeautyofRwanda  I  just  love  this  Twitterworld!  I'm  active  on  #  HumanRigths  #  ArabSpring  mostly...  Hope  you  will  like  and  support  :) 
 2012-01-14  17:06:39 ;ma2moon; الان  على  الجزيرة  الفلم  التوثيقي  How  to  Start  a  Revolution  ل  جين  شارب  #  reformJo  #  ArabSpring  #  NonViolentStruggle  فلم  بينحضر 
 2012-01-14  17:05:34 ;AHMEDSKY2; تتوقعون  ينصحنا  في  خطابه  بأن  لا  نستخدم  التويتر  كثيراً  ؟  #  Feb14  #  bahrain  #  tntnttn  #  ArabSpring 
 2012-01-14  17:04:45 ;manqolMnn; #  Syria  #  news  #  Freedom  #  Arab  #  ArabSpring  عمير  بيرتس:  نأمل  بعد  سقوط  النظام  في  سوريا  أن  يذكر  الحكم  الجديد  أن  حزب...  http://fb.me/11zYCd4YO 
 2012-01-14  17:02:36 ;MARYAMALKHAWAJA; 15  year  old  AbdulRedha  Abbas  was  arrested  and  his  family  fear  torture  #  bahrain  #  feb14  #  arabspring 
 2012-01-14  17:01:01 ;RHabbib; ثورتنا  أسقطت  الأقنعه  عن  كل  الطواغيت  و  أحرجت  المتواطئين  ،  و  أخجلت  المتخاذلين  ،  سلمتم  بنو  وطني  !!!  #  arabspring  #  bahrain  #  feb14  #  GCC 
 2012-01-14  16:59:37 ;NaseefG; واتقل  علينا  بالمواجع  احنا  اتوجعنا  واكتفينا  وعرفنا  مين  سبب  جراحنا  وعرفنا  روحنا  والتقينا  أحمد  فؤاد  نجم  #  Bahrain  #  arabspring 
 2012-01-14  16:59:22 ;MARYAMALKHAWAJA; They  stole  4500  BD,  3  phones,  a  laptop  and  the  walled  of  Ahmed  Hassan  who  they  arrested  #  bahrain  #  feb14  #  arabspring 
 2012-01-14  16:58:51 ;khaledhishma; We  Are  The  #  Women  of  The  Arab  Revolutions  By:Khaled  Hishma  http://post.ly/22qT0  #  ArabSpring  #  Arabs 
 2012-01-14  16:58:22 ;JustALibyan; A  point  of  view  RT  @  Ben_Mussa  ربيع  العرب  ..  وخريف  إسرائيل  ..  وجدتي  ..  http://wp.me/p24lJO-16   بقلم  أحمد  بن  موسى  #  Libya  #  Arab  #  Qatar  #  ArabSpring 
 2012-01-14  16:58:15 ;MARYAMALKHAWAJA; Some  of  those  of  raided  Badriya  Ali's  home  were  officers  Faisal  Bakhsh,  Khalid,  Ali  Zaid  and  Taher  AlAlawi  #  bahrain  #  feb14  #  arabspring 
 2012-01-14  16:57:37 ;NaseefG; شيد  قصورك  ع  المزارع  من  كدنا  وعمل  إيدينا  واطلق  كلابك  في  الشوارع  واقفل  زنازينك  علينا  أحمد  فؤاد  نجم  #  Bahrain  #  Arabspring 
 2012-01-14  16:56:25 ;BleedingN; I  wonder?!  How  can  people  be  so  blinded  to  see  the  truth  &  realize  that  nothing  is  lasting  for  ever  #  Bahrain  #  arabspring 
 2012-01-14  16:55:48 ;FokAlaTounis; Tunisia  marks  1st  anniversary  of  Arab  Spring  –  http://USATODAY.com   http://usat.ly/x1UfNC   via  @  USATODAY  #  tunisia  #  arabspring 
 2012-01-14  16:53:50 ;sbunaser; قالها  الأوليين  :  يا  وجه  استح  ..  عاد  الناس  لاغت  جبدها  من  شوفتك  ..  عوووع  #  lulu  #  14febtv  #  bahrain  #  arabspring 
 2012-01-14  16:53:20 ;BahInjustice; Maryam  Alkhawaja  |  That  they  are  being  kept  in  solitary  confinement  #  bahrain  #  arabspring  #  feb14 
 2012-01-14  16:53:11 ;manqolMnn; #  Syria  #  news  #  Freedom  #  Arab  #  ArabSpring  رفيق  نصرالله:  تبلغت  من  احبة  لي  ان  سبب  عدم  استضافتي  عير  الشاشات  السوريه  هو...  http://fb.me/14ko3T9nZ 
 2012-01-14  16:52:23 ;leqaaali; RT  @sameera_bh  جيل  الجبارين:  خطاب  السفاح  لا  يعنينا.  #  Bahrain  #  Apartheid  #  Arabspring 
 2012-01-14  16:52:02 ;BleedingN; Cigarets  causes  lung  cancer,  reckless  driving  causes  death  but  whats  the  cause  of  the  lack  of  Humanity?!  Any  answers?!  #  arabspring  #  Bahrain 
 2012-01-14  16:50:28 ;AHMEDSKY2; نصحنا  بأن  لا  نتابع  التلفزيون  كثيراً  فليكن  خطابه  في  الإذاعة  خصوصاً  صوته  "  حلو  "  وصورته  قبيحة  #  Feb14  #  bahrain  #  GCC  #  ArabSpring  #  tntnttn 
 2012-01-14  16:49:00 ;sbunaser; نترقب  عودة  الدبانة  على  شاشة  التلفاز  غدا  #  bahrain  #  fly  #  lulu  #  14febtv  #  arabspring 
 2012-01-14  16:48:15 ;manqolMnn; #  Syria  #  news  #  Freedom  #  Arab  #  ArabSpring  موسكو  تجدد  رفضها  التعديلات  الغربية  على  مشروع  القرار  بخصوص  سورية...  http://fb.me/1qaGmOcgG 
 2012-01-14  16:46:15 ;AHMEDSKY2; اتمنى  أن  لا  ينصحنا  بأن  الحشيش  مُضر  بالصحة  في  خطابه  #  Feb14  #  bahrain  #  GCC  #  ArabSpring  #  tntnttn 
 2012-01-14  16:45:57 ;ShehabiS; رسالتي  لصاحب  الجلالة  قبل  ان  يلقي  خطابه:  يا  تعتذر  يا  تنتحر  ..  الشعب  قرّب  ينتصر  !  #  bahrain  #  14feb  #  KingSpeech  #  alkhalifa  #  killers  #  arabspring 
 2012-01-14  16:44:08 ;MARYAMALKHAWAJA; 13  year  old  crossing  street  was  deliberately  hit  by  riot  police  jeep  http://twitpic.com/87b4nc  #  bahrain  #  feb14  #  arabspring 
 2012-01-14  16:43:54 ;Ben_Mussa; ربيع  العرب  ..  وخريف  إسرائيل  ..  وجدتي  ..  http://wp.me/p24lJO-16   بقلم  أحمد  بن  موسى  #  Libya  #  Arab  #  Qatar  #  ArabSpring 
 2012-01-14  16:43:28 ;simonbarrow; Foreign  intervention  would  compromise  popular  uprising  in  #  Syria  |  Ekklesia  http://www.ekklesia.co.uk/node/16067  #  arabspring  #  meast  #  mideast 
 2012-01-14  16:43:04 ;manqolMnn; #  Syria  #  news  #  Freedom  #  Arab  #  ArabSpring  في  العراق  المواطنون  يؤكدون  دعمهم  لسورية  شعبا  وقيادة  http://bit.ly/wpGUlO ...  http://fb.me/1a3xMgTb3 
 2012-01-14  16:42:18 ;manqolMnn; #  Syria  #  news  #  Freedom  #  Arab  #  ArabSpring  لمتابعة  كل  ما  يتم  بثه  على  قناة  الدنيا  الفضائية  من  نشرات  أخبار  سياسية  و...  http://fb.me/sN6mvQmA 
 2012-01-14  16:41:28 ;MARYAMALKHAWAJA; That  they  are  being  kept  in  solitary  confinement  #  bahrain  #  arabspring  #  feb14 
 2012-01-14  16:41:10 ;MALAAKBH; اتوقع  الملك  غار  من  بشار  الاسد  لما  طلع  يخطب  او  سمع  كلام  سماحة  السيد  نصر  الله  (قويه)  #  14feb  #  bahrain  #  egypt  #  lebanon  #  arabspring 
 2012-01-14  16:41:05 ;MARYAMALKHAWAJA; AbdulAziz  AbdulRedha  and  Ali  AlSingace  formerly  sentenced  to  death  r  on  their  5th  day  hungerstrike  protesting  CONTD  #  bahrain  #  arabspring 
 2012-01-14  16:39:38 ;Youssef_Taha; #  Qatar  urges  #  Arab  forces  in  #  Syria  #  Assad  #  EyesOnSyria  #  ArabLeague  #  ArabSpring  http://www.bbc.co.uk/news/world-middle-east-16561493 … 
 2012-01-14  16:38:46 ;TareqKayyali; Watching  #  rotanamasriya  ...  9  billion  Dollars  were  withdrawn  from  the  central  bank  by  #  Mubarak  !!!  #  egypt  #  tahrir  #  arabspring 
 2012-01-14  16:37:28 ;manqolMnn; #  Syria  #  news  #  Freedom  #  Arab  #  ArabSpring  احتجاجات  أمام  سفارة  قطر  على  دور  حكام  الدوحة  في  العالم  العربي...  http://fb.me/M2TABSBl 
 2012-01-14  16:37:18 ;manqolMnn; #  Syria  #  news  #  Freedom  #  Arab  #  ArabSpring  احتجاجات  أمام  سفارة  قطر  على  دور  حكام  الدوحة  في  العالم  العربي...  http://fb.me/SfMOncAm 
 2012-01-14  16:36:42 ;MANQOL_NEWS_MNN; #  QATAR  #  Syria  #  news  #  Freedom  #  Arab  #  ArabSpring  #  qatar  فورن  بوليسي  :  عملاء  الموساد  انتحل... 
 2012-01-14  16:36:36 ;MANQOL_NEWS_MNN; #  QATAR  #  Syria  #  news  #  Freedom  #  Arab  #  ArabSpring  #  qatar  طائرات  اسرائيلية  بدون  طيار  الى  اب... 
 2012-01-14  16:36:33 ;MANQOL_NEWS_MNN; #  QATAR  #  Syria  #  news  #  Freedom  #  Arab  #  ArabSpring  سوريا  تدين  بأشد  وأقسى  العبارات  التفجير... 
 2012-01-14  16:36:31 ;MANQOL_NEWS_MNN; #  QATAR  #  Syria  #  news  #  Freedom  #  Arab  #  ArabSpring  تقرير  ميداني  بآخر  المستجدات  في  حمص  لتاري... 
 2012-01-14  16:34:01 ;MARYAMALKHAWAJA; Acc  to  family  of  child  Ali  Ashoor,  he  was  tortured  at  the  central  police  station  by  officer  Turki  AlMajed  #  bahrain  #  feb14  #  arabspring 
 2012-01-14  16:33:25 ;theheartlander; @HooliganIL  TY  4  incl'g  DeroyMurdock  articl  re:  #  ethanol  -->  food  shortages  -->  global  instability,  such  as  #  ArabSpring  (Islamist  takeovers) 
 2012-01-14  16:31:58 ;hooood0; “@AlyaMarzooq:  الأقرب  لحقيقة  "قطرائيل"  ..  #  qatar  #  bahrain  #  ksa  #  gcc  #  14feb  #  arabspring  http://twitpic.com/87buna  #  bh  @  14FebTV  #  USA 
 2012-01-14  16:31:41 ;manqolMnn; #  Syria  #  news  #  Freedom  #  Arab  #  ArabSpring  حقيقة  قافلة  الحرية  لمدعي  الثورة  وشهادة  أخو  المدعو  عبدالجليل  عبد  السعيد...  http://fb.me/ZesKDMAB 
 2012-01-14  16:31:39 ;manqolMnn; #  Syria  #  news  #  Freedom  #  Arab  #  ArabSpring  حقيقة  قافلة  الحرية  لمدعي  الثورة  وشهادة  أخو  المدعو  عبدالجليل  عبد  السعيد...  http://fb.me/ZCuIK4yD 
 2012-01-14  16:30:14 ;manqolMnn; #  Syria  #  news  #  Freedom  #  Arab  #  ArabSpring  في  حمص  شهادات  وحقائق  تنسف  روايات  حكومة  باريس  حول  مقتل  الصحفي  الفرنسي...  http://fb.me/YwMWsvqx 
 2012-01-14  16:30:11 ;abulkury; مثل  هذه  اللحظات  قبل  عام،  بدات  لحظات  زين  الهاربين،  حسني  غير  المبارك،  مدمر  القذافي،  نشار  الجسد،  علي  غير  الصالح.  #  ArabSpring 
 2012-01-14  16:30:04 ;manqolMnn; #  Syria  #  news  #  Freedom  #  Arab  #  ArabSpring  في  حمص  شهادات  وحقائق  تنسف  روايات  حكومة  باريس  حول  مقتل  الصحفي  الفرنسي...  http://fb.me/H7RPFzTu 
 2012-01-14  16:29:53 ;Dr_Ahmed_Esmail; Hamza  Namira  -  Hila  Hila  Ya  Matar  |  حمزة  نمرة  -  هيلا  هيلا  يا  مطر:  http://youtu.be/IWxLDPX5DOM..#Janvier14 …  #  Tunise  #  IKhwan  #  Egypt  #  ArabSpring 
 2012-01-14  16:29:03 ;Mahmoodu78; #  Arabspring  #  TGONU  #  Bahrain  #  GCC  بخصوص  خطاب  الملك  غدا  لا  يفوتكم  الشعب  البحريني  يتحول  إلي  منجمين  وقارئين  للفنجان  وإنة  أقول  أتركو  العبو  والربو 
 2012-01-14  16:27:26 ;manqolMnn; #  Syria  #  news  #  Freedom  #  Arab  #  ArabSpring  جولة  المراقبين  العرب  في  طرطوس  14-1-2012  http://bit.ly/zaYJib   (ساهم  معنا...  http://fb.me/1gCpJaGG6 
 2012-01-14  16:27:02 ;sharek_with_us; #  FREEDOM  #  SYRIA  #  NEWS  #  QATAR  #  Syria  #  news  #  Freedom  #  Arab  #  ArabSpring  أحمد  الحاج  علي  روسيا...  -  http://on.fb.me/wCNBJP 
 2012-01-14  16:26:57 ;sharek_with_us; #  FREEDOM  #  SYRIA  #  NEWS  #  QATAR  #  Syria  #  news  #  Freedom  #  Arab  #  ArabSpring  المعارضة  التونسية:  ل...  -  http://on.fb.me/z56bPA 
 2012-01-14  16:26:55 ;manqolMnn; #  Syria  #  news  #  Freedom  #  Arab  #  ArabSpring  جولة  المراقبين  العرب  في  طرطوس  14-1-2012  http://bit.ly/zaYJib   (ساهم  معنا...  http://fb.me/1nhGgfZOp 
 2012-01-14  16:26:52 ;sharek_with_us; #  SYRIA2DAY  #  QATAR  #  Syria  #  news  #  Freedom  #  Arab  #  ArabSpring  حلب  14  1  2012  http://youtu.be/d6 ...  -  http://on.fb.me/zZGTTD 
 2012-01-14  16:26:38 ;sharek_with_us; #  SYRIA2DAY  #  QATAR  #  Syria  #  news  #  Freedom  #  Arab  #  ArabSpring  جولة  المراقبين  العرب  في  السويداء...  -  http://on.fb.me/whG8t5 
 2012-01-14  16:25:42 ;manqolMnn; #  Syria  #  news  #  Freedom  #  Arab  #  ArabSpring  جولة  المراقبين  العرب  في  الحسكة  14-1-2012  http://bit.ly/yOZosD   (ساهم  معنا...  http://fb.me/KytrtmNa 
 2012-01-14  16:25:39 ;manqolMnn; #  Syria  #  news  #  Freedom  #  Arab  #  ArabSpring  جولة  المراقبين  العرب  في  الحسكة  14-1-2012  http://bit.ly/yOZosD   (ساهم  معنا...  http://fb.me/1gWfhbGsH 
 2012-01-14  16:25:29 ;MideastVoice; #  arabspring  Darkness  Brings  Fear  to  Syrian  Town  http://ow.ly/1gIGQH 
 2012-01-14  16:24:05 ;R28R28; #  Arabspring  تقليد  لهجات  عربية  http://www.youtube.com/watch?v=14JrxG9PfUA&feature=youtube_gdata_player … 
 2012-01-14  16:20:20 ;Samialaql; باستوري  يامجرم  لاتفوتكم  مباره  باريس  سان  جرمان  #  ArabSpring  #  saudisport  #  barcalona_ar 
 2012-01-14  16:20:01 ;manqolMnn; #  Syria  #  news  #  Freedom  #  Arab  #  ArabSpring  في  القامشلي  المواطنون  يطالبون  الجامعة  العربية  بنقل  الحقيقة...  http://fb.me/Iko6ZgDn 
 2012-01-14  16:19:43 ;manqolMnn; #  Syria  #  news  #  Freedom  #  Arab  #  ArabSpring  في  القامشلي  المواطنون  يطالبون  الجامعة  العربية  بنقل  الحقيقة...  http://fb.me/1oqtDFrXk 
 2012-01-14  16:17:57 ;DrKhaledNemer; املك  الكثير  من  وقت  الفراغ  و  افكر  في  عمل  مشروع  خيري...  هل  من  افكار?  الرجاء  ردو  علي  و  ريتويت  لو  سمحتو  #  Egypt  #  Palestine  #  Gaza  #  ArabSpring  #  KSA 
 2012-01-14  16:17:32 ;manqolMnn; #  Syria  #  news  #  Freedom  #  Arab  #  ArabSpring  جولة  المراقبين  العرب  في  حماة  14-1-2012  http://bit.ly/yA04Wz   (ساهم  معنا  في...  http://fb.me/YtXBHt0a 
 2012-01-14  16:17:26 ;manqolMnn; #  Syria  #  news  #  Freedom  #  Arab  #  ArabSpring  جولة  المراقبين  العرب  في  حماة  14-1-2012  http://bit.ly/yA04Wz   (ساهم  معنا  في...  http://fb.me/1k4uVEfli 
 2012-01-14  16:15:27 ;BahPatriot; #  f1  teams  must  Boycott  #  bahrain  gp  http://www.youtube.com/watch?v=XZOCgOM7Ac8&list=LLefLkZcRdTHjz_hgvmoFMAQ&feature=mh_lolz …  #  fia  #  formula  #  hrw  #  hr  #  lulu  #  14feb  #  bhcivil  #  arabspring 
 2012-01-14  16:15:04 ;A_h_m_e_d_87; لا  تترقبو  خبر  يفرحكم  من  عبد  من  عباد  الله  فالله  عز  وجل  هو  من  يفرح  عبادة  #  14feb  #  Alfateh  #  arabspring  #  bahrain  #  TGOUN.  @  anmarek 
 2012-01-14  16:12:54 ;manqolMnn; #  Syria  #  news  #  Freedom  #  Arab  #  ArabSpring  جولة  المراقبين  العرب  في  حماة  14-1-2012  (ساهم  معنا  في  نشر  الحقائق  ودعم...  http://fb.me/1q4belj4w 
 2012-01-14  16:12:45 ;OmarDXB; BBC  News  -  Tunisia  uprising:  Country  marks  year  since  Ben  Ali  fled  http://bbc.in/wUpGce  #  tunisia  #  tunis  #  ArabSpring 
 2012-01-14  16:12:21 ;manqolMnn; #  Syria  #  news  #  Freedom  #  Arab  #  ArabSpring  جولة  المراقبين  العرب  في  حماة  14-1-2012  (ساهم  معنا  في  نشر  الحقائق  ودعم...  http://fb.me/HPTJ9RCe 
 2012-01-14  16:10:44 ;juhui67; @etodonnell84  welcome  and  thanks  for  following  #  HumanRigths  #  ArabSpring  and  more. 
 2012-01-14  16:10:32 ;manqolMnn; #  Syria  #  news  #  Freedom  #  Arab  #  ArabSpring  جولة  المراقبين  العرب  في  حلب  14-1-2012  منقول  عن  الدنيا  تسجيل  (ساهم  معنا  في...  http://fb.me/1BM88VbtP 
 2012-01-14  16:09:39 ;manqolMnn; #  Syria  #  news  #  Freedom  #  Arab  #  ArabSpring  جولة  المراقبين  العرب  في  حلب  14-1-2012  منقول  عن  الدنيا  تسجيل  (ساهم  معنا  في...  http://fb.me/1g1zq3LCZ 
 2012-01-14  16:06:25 ;GS_BH_REV; #  Bahrain:  Protesters  heading  towards  #  Pearl  Square  before  being  attacked  http://www.youtube.com/watch?v=7KJXaqE4sLA …  #  14feb  #  feb14  #  ArabSpring  14  Jan  2011 
 2012-01-14  16:05:34 ;OnHold1212; ماذا  فعل  السعودي  عمر  بإسرائيل؟  وكيف  هو  الوضع  هناك  داخل  العمق  الإسرائيلي؟  http://www.youtube.com/watch?v=C-UQPgn1iQ4&feature=youtube_gda …  #  saudi  #  ArabSpring  #  Egpyt  #  Riaydh  #  q8 
 2012-01-14  16:04:11 ;fouadbajwa; EXPOSING  SCAF  CHEMICAL  &  DU  WARFARE  on  Egyptian  protesters:  http://youtu.be/EjW0jcr6dTc  #  netfreedom  #  arabspring  #  crime  #  chemical  #  attack  #  AJStream 
 2012-01-14  16:02:33 ;manqolMnn; #  Syria  #  news  #  Freedom  #  Arab  #  ArabSpring  جولة  المراقبين  العرب  في  درعا  14-1-2012...  http://fb.me/TTzmYm8a 
 2012-01-14  16:02:30 ;manqolMnn; #  Syria  #  news  #  Freedom  #  Arab  #  ArabSpring  جولة  المراقبين  العرب  في  درعا  14-1-2012  منقول  عن  الدنيا  تسجيل  (ساهم  معنا  في...  http://fb.me/ShAuhuIV 
 2012-01-14  16:01:45 ;aalkhofi; الفرار  من  قرطاج  إخراج  مميز  للعربية  ..  كله  في  صوب  وخشة  ابن  علي  في  صوب  ..  #  alarabiya  #  ksa  #  Tunis  #  Revolution  #  arabspring 
 2012-01-14  16:00:22 ;Fadhelalsari; خاص  للطائفين  في  البحرين:  "  الحسد  يأكل  الحسنات  كما  تأكل  النار  الحطب".  #  ArabSpring  #  Bahrain  #  feb14  #  alwefaq 
 2012-01-14  16:00:18 ;manqolMnn; #  Syria  #  news  #  Freedom  #  Arab  #  ArabSpring  جولة  المراقبين  العرب  في  حمص  14-1-2012  منقول  عن  الدنيا  تسجيل  (ساهم  معنا  في...  http://fb.me/LOZGfaII 
 2012-01-14  16:00:15 ;manqolMnn; #  Syria  #  news  #  Freedom  #  Arab  #  ArabSpring  جولة  المراقبين  العرب  في  حمص  14-1-2012  (ساهم  معنا  في  نشر  الحقائق  ودعم...  http://fb.me/1z6ProCDW 
 2012-01-14  15:58:08 ;HussainAlbahri; الحرية  ليست  مجرد  كلمة،  ولكنها  قصة  لن  يفهمها  عباد  الملوك...  #  ArabSpring 
 2012-01-14  15:57:46 ;zakarua; is  the  #  revolution  can  bring  #  democracy  and  prosperity  to  the  #  arab  countries  ?  http://poll.pollcode.com/1ghj  #  arabspring  #  tunisia  #  egypt  #  yamen 
 2012-01-14  15:56:40 ;manqolMnn; #  Syria  #  news  #  Freedom  #  Arab  #  ArabSpring  رفيق  نصرالله:  تبلغت  من  احبة  لي  ان  سبب  عدم  استضافتي  عير  الشاشات  السوريه  هو...  http://fb.me/14Ftq3JB7 
 2012-01-14  15:56:21 ;architectai; شعرة  ظلم  تنسف  وزنك  لو  أن  صلاتك  أطنان\  الإيمان  الظالم  كفر  والكفر  العادل  إيمان  *  #  adab  #  arabspring  #  Bahrain 
 2012-01-14  15:56:02 ;NasserMaweri; #  SupportYemen  Break  the  Silence  -  For  Liberty..  in  remembrance  of  all  the  martyrs  of  #  Yemen  revolution.  #  ArabSpring  http://www.youtube.com/watch?feature=player_embedded&v=Ij2OK8AQsJw … 
 2012-01-14  15:51:03 ;jaafarhawwa; عذراً  آذار  ..  أصبحت  بداية  الربيع  في  كانون  ..  (نقلاً  عن  د.محمد  عيروت  ،  بانياس)  #  Syria  #  syrianrevolution  #  arabspring 
 2012-01-14  15:50:38 ;manqolMnn; #  Syria  #  news  #  Freedom  #  Arab  #  ArabSpring  #  qatar  فورن  بوليسي  :  عملاء  الموساد  انتحلوا  صفة  الـ"سي  اي  ايه"  لتجنيد  اعضاء...  http://fb.me/BYZ5vzMb 
 2012-01-14  15:48:37 ;kthoughtworker; “  @  YourAnonNews:  1  year  ago  today,  Ben  Ali  fled  from  #  Tunisia  and  was  overthrown.  Congratulations  #  Tunisia  |  http://goo.gl/ghHDB  #  arabspring 
 2012-01-14  15:48:28 ;4sadounn; العبودية  في  الخليج  عندما  تريد  أن  تراها  اللهم  أني  أعوذ  بك  من  الفقر  وقهر  الرجال  http://www.youtube.com/watch?v=mUttXuvK4tw&feature=youtube_gdata_player …  #  ArabSpring  #  s  #  saudiwoman  #  Kauwi 
 2012-01-14  15:43:19 ;Nervana_1; Soner  Cagaptay  on  Turkish-French  rivalry  in  NYT  http://www.nytimes.com/2012/01/15/opinion/sunday/the-empires-strike-back.html …  via  @  washinstitute  #  Turkey  #  France  #  ArabSpring 
 2012-01-14  15:42:41 ;manqolMnn; #  Syria  #  news  #  Freedom  #  Arab  #  ArabSpring  #  qatar  طائرات  اسرائيلية  بدون  طيار  الى  ابو  ظبي  كشفت  صحيفة  "انتلجانس...  http://fb.me/14FlvbuET 
 2012-01-14  15:41:37 ;illia_shu; @  aboodessa  اظلم  انتهك  جوع  اقتل  وارتكب  الآثام  واذا  سألوك  عن  الشرعية  والسبب  وراء  الإجرام  اقذف  لومك  على  ايران؟!  نشيد  الدكتاتورية  في  #  arabspring 
 2012-01-14  15:40:41 ;kthoughtworker; “  @  RES911CUE:  Tunisians  celebrate  their  revolution  one  year  on  http://bit.ly/A8jmxN  #  tunisia  #  arabspring 
 2012-01-14  15:37:30 ;18daysinegypt; إذا  الشعب  يوما  أراد  الحياة  فلا  بد  أن  يستجيب  القدر  ولا  بد  لليل  أن  ينجلي  ولابد  للقيد  أن  ينكسر  #  Jan14  #  Jan25  #  ArabSpring  #  yasmineRevolution 
 2012-01-14  15:34:43 ;Dr_Ahmed_Esmail; Jasmine  Revolution  ...  year  ago,when  the  flame  begun...  #  MB  #  Tunisia  #  Egypt  #  ArabSpring  #  IKhwan 
 2012-01-14  15:33:01 ;RafaelDios; Mohamed  el  Baradei  no  concurrirá  a  las  presidenciales  egipcias  -  #  YouTube  http://is.gd/WeUkWr   vía  @  EuroNewsES  |  #  Egipto  #  Egypt  #  ArabSpring 
 2012-01-14  15:31:21 ;illia_shu; @  aboodessa  هذه  الخرافات  ولت  وفوبيا  ايران  شماعة  عهركم  وفسادكم  وظلمكم  واستبدادكم  ولت  والأمة  باتت  تعي  مصدر  الظلم  والفساد  #  البحرين  #  arabspring 
 2012-01-14  15:31:15 ;BahInjustice; #  Bahrainycitizen  |  #  ArabSpring  started  when  #  BoAzizi  set  himself  on  fire  in  #  Tunisia  after  all  the  suffering  and...  http://fb.me/Nvxf9Dvg 
 2012-01-14  15:31:09 ;BahInjustice; RT  @iBahrainLeaks  #  BHN  بعد  أن  كنا  نحلم  بتحرير  القدس  أصبحنا  نحلم  بتحرير  أوطاننا  من  العبودية  والتسلط  العشائري  #  Bahrain  #  ArabSpring 
 2012-01-14  15:30:33 ;borzou; #  Tunisians  mark  1st  anniversary  of  revolution  -"inauguration  of  #  ArabSpring,  beginning  of  democracy  in  Arab  world"  http://on.ft.com/xZ3G5J  @  FT 
 2012-01-14  15:28:05 ;andr3s_rl; "@VOAMiddleEast:  #  arabspring  Qatar  Supports  Sending  Arab  Troops  to  Syria  http://ow.ly/1gIEAf " 
 2012-01-14  15:27:19 ;EsraFarhadi; سماءنا  كحيلة  بالظلم  أتمنى  أن  يراها  الملك  قبل  خطابه  #  14feb  #  KingSpeech  #  FreeFarhadi  #  Bahrain  #  arabspring  #  Alwefaq  #  FreeAll  #  GCC  #  Alfateh 
 2012-01-14  15:27:03 ;Ben_Mussa; ربيع  العرب  ..  وخريف  إسرائيل  ..  وجدتي  ..  http://wp.me/p24lJO-16   بقلم  أحمد  بن  موسى  #  Libya  #  Arab  #  ArabSpring  #  Freedom  #  Israel 
 2012-01-14  15:26:50 ;manqolMnn; #  Syria  #  news  #  Freedom  #  Arab  #  ArabSpring  سوريا  تدين  بأشد  وأقسى  العبارات  التفجير  الإرهابي  الذي  ضرب  مدينة  البصرة...  http://fb.me/130jMmmqU 
 2012-01-14  15:26:28 ;ebrahim3999; #  BAHARAIN  #  BHN  #  GCC  #  Kuwait  #  OMAN  #  Syria  #  Turkey  #  Rt  #  q8  #  ArabSpring  #  7areghum  @  retweet2011  (cont)  http://tl.gd/fb4unm 
 2012-01-14  15:25:45 ;umwalaa86; يا  سادة  يا  كرام  الكل  يطلع  صدقات  الليلة  ،  بكرا  بينعق  غراب  البين  #  14feb  #  Bahrain  #  arabspring 
 2012-01-14  15:25:25 ;MideastVoice; #  arabspring  China’s  Wen  Visits  Middle  East  Amid  Energy  Concerns  http://ow.ly/1gIEAe 
 2012-01-14  15:25:25 ;MideastVoice; #  arabspring  Qatar  Supports  Sending  Arab  Troops  to  Syria  http://ow.ly/1gIEAf 
 2012-01-14  15:25:23 ;sharek_with_us; #  SYRIA2DAY  #  QATAR  #  Syria  #  news  #  Freedom  #  Arab  #  ArabSpring  اخبار  الفضائية  14  1  2012  الجزء  ا...  -  http://on.fb.me/xUhyoA 
 2012-01-14  15:25:20 ;sharek_with_us; #  SYRIA2DAY  #  QATAR  #  Syria  #  news  #  Freedom  #  Arab  #  ArabSpring  عاجل  ||  مراسلتنا  في  اللاذقية  :  ال...  -  http://on.fb.me/zohtC4 
 2012-01-14  15:25:06 ;sharek_with_us; #  FREEDOM  #  SYRIA  #  NEWS  #  QATAR  #  Syria  #  news  #  Freedom  #  Arab  #  ArabSpring  النسر  الشامي  وشهداء...  -  http://on.fb.me/ymbXcV 
 2012-01-14  15:24:55 ;sharek_with_us; #  FREEDOM  #  SYRIA  #  NEWS  #  QATAR  #  Syria  #  news  #  Freedom  #  Arab  #  ArabSpring  البطريرك  هزيم:  للجال...  -  http://on.fb.me/yWZHPx 
 2012-01-14  15:24:42 ;sharek_with_us; #  FREEDOM  #  SYRIA  #  NEWS  #  QATAR  #  Syria  #  news  #  Freedom  #  Arab  #  ArabSpring  خبراء  ومحللون:  الرها...  -  http://on.fb.me/xKdjhW 
 2012-01-14  15:24:37 ;sharek_with_us; #  FREEDOM  #  SYRIA  #  NEWS  #  QATAR  #  Syria  #  news  #  Freedom  #  Arab  #  ArabSpring  مواطن  فاض  به  الحال  ي...  -  http://on.fb.me/AbLzji 
 2012-01-14  15:24:29 ;sharek_with_us; #  FREEDOM  #  SYRIA  #  NEWS  #  QATAR  #  Syria  #  news  #  Freedom  #  Arab  #  ArabSpring  تشييع  جثامين  17  شهي...  -  http://on.fb.me/zhnOIq 
 2012-01-14  15:24:24 ;sharek_with_us; #  FREEDOM  #  SYRIA  #  NEWS  #  QATAR  #  Syria  #  news  #  Freedom  #  Arab  #  ArabSpring  العربي:  مراجعة  شامل...  -  http://on.fb.me/yX5KdN 
 2012-01-14  15:24:13 ;4_truth; دار  الحياة:  مصر:  البرادعي  ينسحب  من  سباق  الرئاسة  ويتهم  العسكر  بالتصرّف  «وكأن  ثورة  لم  تقم»  -  http://goo.gl/news/JwQ3   via  #  egypt  #  arabSpring 
 2012-01-14  15:21:35 ;Ba7rani_; ما  الذي  سيقوله  ناكث  العهود،  هادم  المساجد،  سافك  الدماء  ومنتهك  الحرمات  ..  هل  سيقول  أنا  مجرم؟؟  #  Bahrain  #  kingSpeechBH  #  Gcc  #  arabspring 
 2012-01-14  15:21:10 ;al_asfoor; @  kasimf  ذكرتني  بالمثل  "يا  حبذا  الإماره  و  لو  على  حماره"  #  Bahrain  #  arabspring 
 2012-01-14  15:21:03 ;BHThaera; اقول  شعب  ،  طلعوا  صدقات  الليلة  لسلامتكم  قبل  لا  يطلع  البومة  #  Bahrain  #  bhKingSpeech  #  alwefaq  #  feb14  #  ArabSpring 
 2012-01-14  15:21:01 ;manqolMnn; #  Syria  #  news  #  Freedom  #  Arab  #  ArabSpring  تقرير  ميداني  بآخر  المستجدات  في  حمص  لتاريخ  14  كانون  الثاني  2012  شهد  حي...  http://fb.me/C63kcyHN 
 2012-01-14  15:19:23 ;GDMA_1880; شر  الديكتاتورية  ما  يضحك  (معاقبة  مواطنين  لم  يحزنوا  بما  يكفي  على  رحيل  الزعيم  إيل)  http://riy.cc/700816  #  ksa  #  saudi  #  Arabspring  #  gcc  #  bh  #  oman 
 2012-01-14  15:16:59 ;lettherebenoor; *Chills*  Alhamdulilah  RT  @  KhadijaMAli  :  <3  <3  <3  just  absolutely  love  this  EPIC  moment  http://www.youtube.com/watch?v=7vwUvF-yGtI&feature=share …  #  ArabSpring  #  AllahuAkbar 
 2012-01-14  15:16:33 ;ALNUAIMI83; قال  الحسن  البصري:  "حقيقة  حسن  الخلق  بذل  المعروف  ،  وكف  الأذى،  وطلاقة  الوجه"  #  UAE  #  gcc  #  afkar  #  newbedon  #  Arab  #  arabspring 
 2012-01-14  15:15:03 ;iamlitecoin; “  @  MARYAMALKHAWAJA  The  young  man  who  was  kidnapped  from  Mugsha  http://twitpic.com/86ufnu  #  bahrain  #  feb14  #  arabspring” 
 2012-01-14  15:14:34 ;iamlitecoin; “  @  MARYAMALKHAWAJA  #  sweden  football  team:  we  have  made  security  checks,  #  bahrain  good  to  go  http://www.fotbollskanalen.se/1.2495497/2012/01/12/lagrell_tillbakavisar_bahrain_kritik_vi_har_kontrollerat_sakerhetslaget …  #  arabspring  #  feb14” 
 2012-01-14  15:12:02 ;bbclysedoucet; Eerie  to  watch  TV  images  of  plane  flying  Ben  Ali  out  of  #  Tunisia  1  yr  ago  today...turned  into  start  of  incredible  journey  #  Arabspring 
 2012-01-14  15:11:35 ;edwardedark; today  marks  the  1  year  anniversary  of  the  revolution  in  #  Tunisia  which  set  off  the  #  ArabSpring  and  changed  the  region  for  ever 
 2012-01-14  15:11:20 ;MANQOL_NEWS_MNN; #  QATAR  #  Syria  #  news  #  Freedom  #  Arab  #  ArabSpring  جولة  المراقبين  العرب  في  السويداء  14-1-20... 
 2012-01-14  15:11:13 ;MANQOL_NEWS_MNN; #  QATAR  #  Syria  #  news  #  Freedom  #  Arab  #  ArabSpring  حلب  14  1  2012  http://youtu.be/d6hv7AN6n ... 
 2012-01-14  15:11:06 ;MANQOL_NEWS_MNN; #  QATAR  #  Syria  #  news  #  Freedom  #  Arab  #  ArabSpring  دمشق  البرامكة  14  1  2012  http://youtu.be ... 
 2012-01-14  15:11:02 ;MANQOL_NEWS_MNN; #  QATAR  #  Syria  #  news  #  Freedom  #  Arab  #  ArabSpring  سورية  تصمد  بوجه  رياح  الشر  وتتعملق  سيفا  د... 
 2012-01-14  15:10:59 ;MANQOL_NEWS_MNN; #  QATAR  #  Syria  #  news  #  Freedom  #  Arab  #  ArabSpring  عاجل  ||  مراسلتنا  في  اللاذقية  :  الجيش  الس... 
 2012-01-14  15:10:38 ;MANQOL_NEWS_MNN; #  QATAR  #  Syria  #  news  #  Freedom  #  Arab  #  ArabSpring  اخبار  الفضائية  14  1  2012  الجزء  الأول  h... 
 2012-01-14  15:10:33 ;MANQOL_NEWS_MNN; #  QATAR  #  Syria  #  news  #  Freedom  #  Arab  #  ArabSpring  جولة  المراقبين  العرب  في  دمشق  14-1-2012  h... 
 2012-01-14  15:10:29 ;MANQOL_NEWS_MNN; #  QATAR  #  Syria  #  news  #  Freedom  #  Arab  #  ArabSpring  أينما  رأيت  فتنة  في  عالم  العرب  فتش  عن  أمي... 
 2012-01-14  15:09:56 ;hooood0; “  @  tweetweetBHR:  http://www.youtube.com/watch?v=VNG-__Nq2hs …  العكر  اعتداء  شامل  وسافر  على  أحد  المنازل  #  Bahrain  #  Feb14  @  14FebTV  #  Feb14  #  bahrain  #  arabspring  #  uk  #  USA 
 2012-01-14  15:09:07 ;KhadijaMAli; <3  <3  <3  just  absolutely  love  this  EPIC  moment  http://www.youtube.com/watch?v=7vwUvF-yGtI&feature=share …  #  ArabSpring  #  AllahuAkbar 
 2012-01-14  15:07:33 ;MuftahOrg; Revolutions  in  the  Arab  World  according  to  writers,  academics,  and  activists,  inc  @  alaa  http://bit.ly/zktpYK  #  ArabSpring 
 2012-01-14  15:03:22 ;Dr_Ahmed_Esmail; أغنية  الجنرال:  تحيا  تونس  الخضراء:  http://youtu.be/ctwZxejWjak   via  تــحــيا  تـــونـــس..  #  Tunisia  #  Jan14  #  IKhwan  #  Nahda  #  ArabSpring  #  VivaTunis 
 2012-01-14  15:03:09 ;hebablog; RT  @  anasyria:  أحزن  على  فئة  من  الشباب  العربي  إمّا  هي  لاهية،  وإمّا  عبيطة..تفوتهم  اجمل  لحظات  حياتهم  بأن  يكونوا  جزءا  من  ثورة  الحرية  #  ArabSpring 
 2012-01-14  15:01:12 ;demahom008; هل  ترتجون  من  الغراب  غدا  غير  النعيق؟  #  Bahrain  #  KingSpeechBH  #  ArabSpring 
 2012-01-14  15:01:06 ;Bahrainycitizen; #  ArabSpring  started  when  #  BoAzizi  set  himself  on  fire  in  #  Tunisia  after  all  the  suffering  and  humiliation  he  was  put  through  -cont 
 2012-01-14  15:00:32 ;NasserMaweri; الجزيرة  :  في  مثل  هذا  اليوم،  فهم  بن  علي  شعبه  فرحل  #  Tunisia  #  ArabSpring  #2011  http://www.youtube.com/watch?v=Wprzy_F0wBE&feature=g-all-u&context=G2330ab4FAAAAAAAACAA … 
 2012-01-14  14:57:37 ;Dr_Ahmed_Esmail; الشابة  التى  صفعت  بو  عزيزى  (  مفجر  الثورات  العربيه):  http://youtu.be/7qYOnZDqZlc  #  Tunisia  #  Egypt  #  ArabSpring  #  Nahda  #  IKhwan 
 2012-01-14  14:56:17 ;Dr_Ahmed_Esmail; برومو  قناة  الجزيرة  ..تونس  انا  فهمتكم:  http://youtu.be/FCVcWZjssXc   ...  #  Tunisia  #  Egypt  #  ArabSpring  #  Jan14  #  IKhwan 
 2012-01-14  14:54:33 ;BahPatriot; هدف  سيد  محمد  عدنان  فاللحضات  الاخيره  من  نهاية  المبارة..عيني  عليك  بارده  http://bit.ly/wyRRt8  #  bahrain  #  lulu  #  14feb  #  arabspring  #  bhcivil  #  gcc 
 2012-01-14  14:53:49 ;manqolMnn; #  Syria  #  news  #  Freedom  #  Arab  #  ArabSpring  جولة  المراقبين  العرب  في  السويداء  14-1-2012...  http://fb.me/EN7qDUeO 
 2012-01-14  14:53:45 ;manqolMnn; #  Syria  #  news  #  Freedom  #  Arab  #  ArabSpring  جولة  المراقبين  العرب  في  السويداء  14-1-2012...  http://fb.me/1DRW5sKve 
 2012-01-14  14:53:09 ;sulthanrha; #  ArabSpring  النجاح  ..  هو  أن  تكون  سعيداً  في  باطن  الأرض  ,  بينما  يضج  الناس  فوقها  بكاءً  لموتك  ..! 
 2012-01-14  14:52:36 ;Jannat_Qamber; للشعب  تبقى  الكلمة  الكل  هنا  مقاومة  ،،  هذا  ما  تصدح  به  أجواء  كربلاء  #  14feb  #  Bahrain  #  arabspring  #  alwefaq  @  SHalMosawi  @  Laith_Albahrain 
 2012-01-14  14:51:30 ;eskafi007; بعض  الشعوب  المجاهدة  لا  يسعك  الا  أن  تنحني  أمام  مواقفهم  وتحدياتهم  ...  الخلود  لتلك  الشعوب.  #  14feb  #  Arabspring 
 2012-01-14  14:50:24 ;manqolMnn; #  Syria  #  news  #  Freedom  #  Arab  #  ArabSpring  حلب  14  1  2012  http://youtu.be/d6hv7AN6nIQ   (ساهم  معنا  في  نشر  الحقائق  ودعم...  http://fb.me/14n98ge2I 
 2012-01-14  14:50:14 ;manqolMnn; #  Syria  #  news  #  Freedom  #  Arab  #  ArabSpring  حلب  14  1  2012  http://youtu.be/d6hv7AN6nIQ   الفضائية  السورية  تسجيل  (ساهم...  http://fb.me/1ta6r2L5V 
 2012-01-14  14:47:09 ;manqolMnn; #  Syria  #  news  #  Freedom  #  Arab  #  ArabSpring  دمشق  البرامكة  14  1  2012  http://youtu.be/LWS0EDis8_w   (ساهم  معنا  في  نشر...  http://fb.me/19oJpsJ0n 
 2012-01-14  14:46:58 ;manqolMnn; #  Syria  #  news  #  Freedom  #  Arab  #  ArabSpring  دمشق  البرامكة  14  1  2012  http://youtu.be/LWS0EDis8_w   الفضائية  السورية...  http://fb.me/XOO0P3Wf 
 2012-01-14  14:45:09 ;Dr_Ahmed_Esmail; الشعب  التونسي  مايموتش  -  http://youtu.be/UygyWTyufPA   via.....بن  علي  هرب  بن  علي  هرب  ..  #  Egypt  #  Tunisia  #  ArabSpring  #  Nahda  #  IKhwan  #  Jan14 
 2012-01-14  14:44:33 ;manqolMnn; #  Syria  #  news  #  Freedom  #  Arab  #  ArabSpring  سورية  تصمد  بوجه  رياح  الشر  وتتعملق  سيفا  دمشقيا  اصيلا...  http://fb.me/1ERRtZeeP 
 2012-01-14  14:44:25 ;manqolMnn; #  Syria  #  news  #  Freedom  #  Arab  #  ArabSpring  سورية  تصمد  بوجه  رياح  الشر  وتتعملق  سيفا  دمشقيا  اصيلا...  http://fb.me/1p1wvX9qb 
 2012-01-14  14:44:21 ;rkn429; “  @  revolution_info:  #  Arabspring  Tunisians  mark  anniversary  of  president's  ouster  -  CNN  International:...  http://fb.me/19rgEnLjF 
 2012-01-14  14:44:12 ;manqolMnn; #  Syria  #  news  #  Freedom  #  Arab  #  ArabSpring  عاجل  ||  مراسلتنا  في  اللاذقية  :  الجيش  السوري  يفكك  عبوة  ناسفة  بالقرب  من...  http://fb.me/1E3B6LnQG 
 2012-01-14  14:43:45 ;GDMA_1880; @  Abdulkhaleq_UAE  ما  فهمت  معنى  معارضة  ملكية؟  #  ksa  #  saudi  #  arabspring  يعني  الملك  هو  اللي  يؤسس  المعارضة  او  الامراء  فقط  لهم  حق  المعارضة؟ 
 2012-01-14  14:42:18 ;Ben_Mussa; ربيع  العرب  ..  وخريف  إسرائيل  ..  وجدتي  ..  http://wp.me/p24lJO-16   بقلم  أحمد  بن  موسى  #  Libya  #  Arab  #  ArabSpring  #  Freedom  #  Feb17 
 2012-01-14  14:42:17 ;manqolMnn; #  Syria  #  news  #  Freedom  #  Arab  #  ArabSpring  اخبار  الفضائية  14  1  2012  الجزء  الأول...  http://fb.me/NOv6qqj1 
 2012-01-14  14:42:00 ;jandali_merve; Husnu  Mahalli'yle  bildiğin  atıştık.  En  sonunda  ona  yeni  nesil,  gençler  sizin  gibi  düşünmüyor  dedim.  #  Syria  #  arabspring 
 2012-01-14  14:40:04 ;Proud_BH; Bahraini  woman  dies  after  self-immolation  pr...  JPost  -  http://www.jpost.com/Headlines/Article.aspx?id=253587 …  via  @  Jerusalem_Post  #  Bahrain  #  feb14  #  ArabSpring  #  HumanRights 
 2012-01-14  14:39:46 ;manqolMnn; #  Syria  #  news  #  Freedom  #  Arab  #  ArabSpring  اخبار  الفضائية  14  1  2012  الجزء  الأول...  http://fb.me/JaMueXHd 
 2012-01-14  14:36:41 ;FreedomRider14; #  Tunisia  's  Boazizi  and  #  Bahrain's  Badreyya  only  show  how  much  the  arab  world  suffers  from  oppression!  Its  that  extreme...  #  arabspring 
 2012-01-14  14:36:33 ;WisdomsGrave; #  AlJazeera  coverage  and  the  #  ArabSpring  http://bit.ly/wB36aK  #  Syria  #  Libya  #  Egypt  #  revolution  #  lies  #  media  #  FSA  #  terrorism  #  NATO 
 2012-01-14  14:36:20 ;manqolMnn; #  Syria  #  news  #  Freedom  #  Arab  #  ArabSpring  جولة  المراقبين  العرب  في  دمشق  14-1-2012...  http://fb.me/1zOOb4MSW 
 2012-01-14  14:36:15 ;manqolMnn; #  Syria  #  news  #  Freedom  #  Arab  #  ArabSpring  جولة  المراقبين  العرب  في  دمشق  14-1-2012...  http://fb.me/Uho5uqT5 
 2012-01-14  14:35:31 ;LawyerRSA; Images  from  long  year  in  #  Tunisia  since  23-year  strongman  #  BenAli  was  toppled  in  1st  #  ArabSpring  revolt  http://aje.me/xmJSEc 
 2012-01-14  14:33:49 ;BahPatriot; #  f1  teams  must  Boycott  #  bahrain  gp  http://www.youtube.com/watch?v=XZOCgOM7Ac8&list=LLefLkZcRdTHjz_hgvmoFMAQ&feature=mh_lolz …  #  fia  #  formula  #  hrw  #  hr  #  lulu  #  14feb  #  bhcivil  #  arabspring 
 2012-01-14  14:33:21 ;manqolMnn; #  Syria  #  news  #  Freedom  #  Arab  #  ArabSpring  جولة  المراقبين  العرب  في  دمشق  14-1-2012...  http://fb.me/1b7OHiqoI 
 2012-01-14  14:33:02 ;manqolMnn; #  Syria  #  news  #  Freedom  #  Arab  #  ArabSpring  جولة  المراقبين  العرب  في  دمشق  14-1-2012...  http://fb.me/Y2JlCpiL 
 2012-01-14  14:29:07 ;MANQOL_NEWS_MNN; #  QATAR  #  Syria  #  news  #  Freedom  #  Arab  #  ArabSpring  مقتل  مسلحين  بإنفجار  سيارة  مفخخة  كانوا  بد... 
 2012-01-14  14:29:05 ;manqolMnn; #  Syria  #  news  #  Freedom  #  Arab  #  ArabSpring  أينما  رأيت  فتنة  في  عالم  العرب  فتش  عن  أمير  قطر  أينما  رأيت  دم  مسفوكا  على  ارض...  http://fb.me/GbfVyOtC 
 2012-01-14  14:29:04 ;manqolMnn; #  Syria  #  news  #  Freedom  #  Arab  #  ArabSpring  أينما  رأيت  فتنة  في  عالم  العرب  فتش  عن  أمير  قطر  أينما  رأيت  دم  مسفوكا  على  ارض...  http://fb.me/GgaOYVUf 
 2012-01-14  14:28:58 ;MideastVoice; #  arabspring  New  Film  Explores  Life  in  Modern  Tehran  http://ow.ly/1gIBKV 
 2012-01-14  14:28:50 ;MANQOL_NEWS_MNN; #  QATAR  #  Syria  #  news  #  Freedom  #  Arab  #  ArabSpring  السيد  نصر  الله  يدعو  المعارضة  السورية  للا... 
 2012-01-14  14:28:37 ;MANQOL_NEWS_MNN; #  QATAR  #  Syria  #  news  #  Freedom  #  Arab  #  ArabSpring  السيد  نصر  الله  يؤكد  التمسك  بخيار  ونهج  وط... 
 2012-01-14  14:28:31 ;MANQOL_NEWS_MNN; #  QATAR  #  Syria  #  news  #  Freedom  #  Arab  #  ArabSpring  الارهاب  الأسود  اعتداءات  وتفكيك  عبوات  ناس... 
 2012-01-14  14:28:25 ;MANQOL_NEWS_MNN; #  QATAR  #  Syria  #  news  #  Freedom  #  Arab  #  ArabSpring  حسون:  هناك  مخطط  لتقسيم  سوريا  لـ  4  دويلات... 
 2012-01-14  14:28:21 ;MANQOL_NEWS_MNN; #  QATAR  #  Syria  #  news  #  Freedom  #  Arab  #  ArabSpring  عاجل||شوكوماكو  :  إنفجار  سيارة  مفخخة  بمنط... 
 2012-01-14  14:25:43 ;BahInjustice; SAIDYOUS  |  15  year  old  Hussain  Habib  Salman  was  arrested  yesterday  after  being  severely  beaten  #  bahrain  feb14  #  arabspring” 
 2012-01-14  14:25:18 ;LisaAppignanesi; Beckett  in  Libya  -  @  hishamjmatar  @  guardianreview  and  the  move  in  #  arabspring  from  distant  hopes  and  defeatism  to  a  passion  for  daily  detail 
 2012-01-14  14:24:39 ;Proud_BH; #  Tunisia,  #  Egypt,  #  Bahrain,  #  Libya  Faceless  Movements  http://huff.to/whMP3Z   via  @  huffingtonpost  #  ArabSpring  #  MENA  #  HumanRights 
 2012-01-14  14:24:14 ;BahPatriot; Please  vote  no  if  you  want  #  f1  teams  to  boycott  the  race  in  #  Bahrain  http://www.thegridf1.com/feature/2012/1/9/poll-on-the-race-in-bahrain.html …  #  fia  #  gp  #  hrw  #  hr  #  lulu  #  14feb  #  arabspring 
 2012-01-14  14:23:01 ;sharek_with_us; #  SYRIA2DAY  #  QATAR  #  Syria  #  news  #  Freedom  #  Arab  #  ArabSpring  الـ«الموساد»  يستعين  بالـ«C.I.A»  ل...  -  http://on.fb.me/xk5gEh 
 2012-01-14  14:22:59 ;sharek_with_us; #  SYRIA2DAY  #  QATAR  #  Syria  #  news  #  Freedom  #  Arab  #  ArabSpring  أحمد  الحاج  علي  روسيا  اليوم  14/1/2...  -  http://on.fb.me/wYUZPm 
 2012-01-14  14:22:56 ;sharek_with_us; #  SYRIA2DAY  #  QATAR  #  Syria  #  news  #  Freedom  #  Arab  #  ArabSpring  المعارضة  التونسية:  لا  أهلاً  ولا  س...  -  http://on.fb.me/wvnnYd 
 2012-01-14  14:22:50 ;sharek_with_us; #  SYRIA2DAY  #  QATAR  #  Syria  #  news  #  Freedom  #  Arab  #  ArabSpring  الجزء  الاول  :  تقرير  عن  الارهاب  وا...  -  http://on.fb.me/wZtUUQ 
 2012-01-14  14:22:31 ;sharek_with_us; #  SYRIA2DAY  #  QATAR  #  Syria  #  news  #  Freedom  #  Arab  #  ArabSpring  أزمة  مالية  غير  "معلنة"  بشأن  استمر...  -  http://on.fb.me/AsjAt5 
 2012-01-14  14:22:26 ;sharek_with_us; #  SYRIA2DAY  #  QATAR  #  Syria  #  news  #  Freedom  #  Arab  #  ArabSpring  بعد  خروج  حمد  منها  مطرودا..  نواكشط...  -  http://on.fb.me/xidR6Y 
 2012-01-14  14:22:17 ;manqolMnn; #  Syria  #  news  #  Freedom  #  Arab  #  ArabSpring  مقتل  مسلحين  بإنفجار  سيارة  مفخخة  كانوا  بداخلها  في  الميدان  بحمص  قالت...  http://fb.me/1hL5Aiqrm 
 2012-01-14  14:21:03 ;AbdurRAB11; #  TUNISIA:  Thousands  of  people  celebrate  the  revolution  one  year  on.  Tunisia  was  the  start  of  #  ArabSpring  in  MiddleEast  http://www.reuters.com/article/2012/01/14/us-tunisia-revolution-anniversary-idUSTRE80D0LV20120114 … 
 2012-01-14  14:20:03 ;Sahafi_Jo; البرادعي  لن  يترشح  للرئاسة  لأن  'نظام  مبارك  لم  يسقط'  http://www.sahafi.jo/files/b520885883d54111c193b7bc2ff11294afc12f7a.html …  #  Egypt  #  Arabspring 
 2012-01-14  14:17:23 ;LARUEARABE; #  Bahreïn  :  Une  femme  de  59  ans  s'immole  et  meurt.  http://gulfnews.com/news/gulf/bahrain/bahraini-woman-dies-after-self-immolation-1.965772 …  #  ArabSpring  #  PrintempsArabe 
 2012-01-14  14:14:31 ;manqolMnn; #  Syria  #  news  #  Freedom  #  Arab  #  ArabSpring  السيد  نصر  الله  يدعو  المعارضة  السورية  للاستجابة  لدعوات  الحوار...  http://fb.me/1pegH7s6t 
 2012-01-14  14:14:12 ;manqolMnn; #  Syria  #  news  #  Freedom  #  Arab  #  ArabSpring  السيد  نصر  الله  يدعو  المعارضة  السورية  للاستجابة  لدعوات  الحوار...  http://fb.me/1ysP0iNRf 
 2012-01-14  14:13:30 ;Mahmoodu78; #  GCC  #  TGONU  #  Arabspring  #  Bahrain  @  ajaffar  @  alboflasa  أنا  كذلك  لا  توقع  الملك  يحل  البرلمان  تبغي  النواب  يموتون  جوع  و  يقومون  قيامة 
 2012-01-14  14:13:20 ;DIEforBAHRAIN; ضابط  يأمر  أحد  المرتزقة  برمي  مسيلات  الدموع  على  أحد  منازل  القرية  في  سترة  الخارجية  http://youtu.be/wLT0u6SixIY  #  bahrain  #  arabspring  #  hrw  #  ksa  #  q8  #  bhn 
 2012-01-14  14:13:17 ;DianaMadani; +962RT  @  Jordanoholic:  ليس  كل  ما  يلمع  ذهبا-  انحدار  صفوة  تويتر  الاردن  >  http://www.jordanoholic.com/blog/reform/twitter-ordon …  by  @  RaedAlbashir  #  ReformJO  #  ArabSpring  #  JO 
 2012-01-14  14:13:05 ;heroo2700; RT  @  AJEnglish  Images  from  long  year  in  #  Tunisia  since  23-year  strongman  #  BenAli  was  toppled  in  1st  #  ArabSpring  revolt  http://aje.me/xmJSEc 
 2012-01-14  14:13:04 ;SaraFregonese; What  do  #  ArabSpring  and  #  Occupy  have  in  common?The  end  of  the  State.  @  Confusezeus  writes  his  #  rhulcsr  workshop  talk  in  http://nytweekly.com/columns/intelarchives/01-13-12/ … 
 2012-01-14  14:10:58 ;jebusite1; #  Tunisia  commemorates  one-year  anniversary  of  #  ArabSpring  http://www.globalpost.com/dispatch/news/regions/middle-east/120114/tunisia-anniversary-arab-spring … 
 2012-01-14  14:10:40 ;BHRESISTANT; بلطجية  من  قلالي  تهدد  شباب  الدير  وسماهيج  يمه  خوفتينا  ??  http://bit.ly/xQdIGM   انقذنا  يادرع  الجزيرةسوف  تحرقنا  #  Bahrain  #  arabspring  #  14feb 
 2012-01-14  14:10:36 ;Ben_Mussa; ربيع  العرب  ..  وخريف  إسرائيل  ..  وجدتي  ..  http://wp.me/p24lJO-16   بقلم  أحمد  بن  موسى  #  Libya  #  Arab  #  ArabSpring  #  Freedom 
 2012-01-14  14:09:49 ;manqolMnn; #  Syria  #  news  #  Freedom  #  Arab  #  ArabSpring  السيد  نصر  الله  يؤكد  التمسك  بخيار  ونهج  وطريق  وسلاح  المقاومة...  http://fb.me/LMB99pHG 
 2012-01-14  14:09:32 ;manqolMnn; #  Syria  #  news  #  Freedom  #  Arab  #  ArabSpring  السيد  نصر  الله  يؤكد  التمسك  بخيار  ونهج  وطريق  وسلاح  المقاومة...  http://fb.me/Zha8WGkp 
 2012-01-14  14:09:07 ;CleanLibyaNow; (Cont.)  Abu  Azizi  ignited  the  force  of  change  we  know  as  the  #  ArabSpring.  Our  duty  is  to  live  up  to  his  and  our  martyr's  sacrifices. 
 2012-01-14  14:09:07 ;mamer14feb; المعامير/اختتام  مسيرة  يسقط  حمد  لهذه  الليلة  #  Bahrain  #  14feb  #  feb14  #  ArabSpring  #  lulu  http://fb.me/SnoqOIIe 
 2012-01-14  14:06:47 ;Shamayim2; #  ArabSpring  in  #  Libya  and  #  Egypt  turning  into  #  IslamistSpring  =  IceAge4Liberal  Freedom-loving  #  Women  #  LGBT  and  MidEast  Minorities  #  Bad2Worse 
 2012-01-14  14:06:34 ;manqolMnn; #  Syria  #  news  #  Freedom  #  Arab  #  ArabSpring  الارهاب  الأسود  اعتداءات  وتفكيك  عبوات  ناسفة  بريف  دمشق  ومصادرة  أسلحة  بجبلة...  http://fb.me/JJTEizKW 
 2012-01-14  14:06:06 ;Moh_kw87; هذا  الملك  يريد  خداعنا  أتوقع  أن  بشار  وحمد  يتنافسان  من  أجل  وقف  الاحتجاجات  يريدون  ان  يخدعونا  ولكنهم  لا  يستطيعون  #  arabspring  #  Babhrain  #  gcc 
 2012-01-14  14:05:25 ;manqolMnn; #  Syria  #  news  #  Freedom  #  Arab  #  ArabSpring  الارهاب  الأسود  اعتداءات  وتفكيك  عبوات  ناسفة  بريف  دمشق  ومصادرة  أسلحة  بجبلة...  http://fb.me/14pb4eW3d 
 2012-01-14  14:05:14 ;jehadhope; #  bahrain  #  Arabspring  #  gcc  آخر  الأخبار  والمستجّدات  لثورة  اللؤلؤ  البحرينية  حتى  الساعة  الـ  10  ليلا"-  السبت  14  يناير  2012م:  http://tl.gd/fb45es 
 2012-01-14  14:04:21 ;DavidUberti; Free  #  Syria:  http://tmblr.co/ZTRXUxEm38A2  #  ArabSpring 
 2012-01-14  14:03:01 ;MedicBH; الامتناع  عن  نقل  مايجري  في  كربلاء  في  العشرين  من  صفر  هو  دليل  قاطع  على  طائفية  جلّ  الإعلام  العربي  #  Arabspring  #  bahrain  #  aljazeera  @  kasimf 
 2012-01-14  14:02:51 ;almousawi1979; “  فيديو  |  أطفال  البلاد  ملعون  من  صف  الشغب  بدوار  اللؤلؤة  ‎http://fb.me/1jU2TFJzX ‏  ‎  #  bahrain  ‎  #  egypt‏  ‎  #  KSA‏  ‎  #  arabspring‏  ‎  #  Qatar‏ 
 2012-01-14  14:02:07 ;juhui67; @  livelovethinkex  welcome  and  thanks  for  following  #  HumanRigths  #  ArabSpring  and  more  :) 
 2012-01-14  14:01:33 ;Al_Shehabi82; كأني  بالشعب  البحريني  الصابر  وهو  يشاهد  كلمة  تن  تن  تتن  يقول:  شوف  وجه  العنز  وإحلب  لبن!!  #  Bahrain  #  14Feb  #  waad  #  arabspring  #  BHmartyrs 
 2012-01-14  14:00:18 ;BAH_Videos; ثورة  البحرين  http://youtu.be/rWGufkToKRY  #  Bahrain  #  alwefaq  #  14feb  #  gcc  #  arabspring  #  kuwait  #  egypt  #  ksa  #  Qatar  #  iraq  #  UK  #  US 
 2012-01-14  14:00:01 ;manqolMnn; #  Syria  #  news  #  Freedom  #  Arab  #  ArabSpring  حسون:  هناك  مخطط  لتقسيم  سوريا  لـ  4  دويلات  طائفية  والمعارضة  عرضت  علي  10...  http://fb.me/X9pftHmi 
 2012-01-14  13:58:46 ;DynamicAfrica; RT  @  AJEnglish:  Images  from  long  year  in  #  Tunisia  since  23-year  strongman  #  BenAli  was  toppled  in  1st  #  ArabSpring  revolt  http://aje.me/xmJSEc 
 2012-01-14  13:57:10 ;NasserMaweri; Images  from  long  year  in  #  Tunisia  since  23-year  strongman  #  BenAli  was  toppled  in  1st  #  ArabSpring  revolt  http://aje.me/xmJSEc   via  @  AJEnglish 
 2012-01-14  13:57:07 ;YourAnonNews; RT  @  AJEnglish  -  Images  from  long  year  in  #  Tunisia  since  23-year  strongman  #  BenAli  was  toppled  in  1st  #  ArabSpring  revolt  http://aje.me/xmJSEc 
 2012-01-14  13:56:09 ;mysterious_memo; تصبحون  على  تفاؤل،  وكلمة  من  المقرود  وجه  التشاؤم،  وتن  تن  تتن  #  bahrain  #  arabspring  #  14feb 
 2012-01-14  13:55:38 ;AJEnglish; Images  from  long  year  in  #  Tunisia  since  23-year  strongman  #  BenAli  was  toppled  in  1st  #  ArabSpring  revolt  http://aje.me/xmJSEc 
 2012-01-14  13:55:33 ;DeemaNizar; والأوطان  تحتفل  بانتصار  ثوراتها  ثم  تحتفل  بذكرى  انتصارها،  وسوريا  لم  تحتفل  بشيء  بعد..  يا  رب  #  Syria  #  Tunisia  #  ArabSpring 
 2012-01-14  13:55:18 ;Al_Shehabi82; وكأني  بالشعب  البحريني  الصابر  وهو  يشاهد  كلمة  تن  تن  تتن  يقول:  شوي  وجه  العنز  وإحلب  لبن!!  #  Bahrain  #  14Feb  #  waad  #  arabspring  #  BHmartyrs  #  lulu 
 2012-01-14  13:53:37 ;manqolMnn; #  Syria  #  news  #  Freedom  #  Arab  #  ArabSpring  عاجل||شوكوماكو  :  إنفجار  سيارة  مفخخة  بمنطقة  الميدان  بحمص  دون  وقوع  ضحايا...  http://fb.me/xtrRX907 
 2012-01-14  13:52:00 ;mohamadkawas; ماذا  لو  اقنعنا  أنظمتنا  الممانعة  الصامدة  أنها  عظيمة  لا  نستحقها  فترحل  لتقود  شعوبا  اخرى!!  #  Arabspring 
 2012-01-14  13:51:23 ;SAIDYOUSIF; 15  year  old  Hussain  Habib  Salman  was  arrested  yesterday  after  being  severely  beaten  #  bahrain  feb14  #  arabspring” 
 2012-01-14  13:50:46 ;ElhamShakeri; plz  all  follow  :  @  HaleemaMawali  #  Bahrain  #  ArabSpring 
 2012-01-14  13:50:15 ;cstn84; Revolution  in  the  Arab  world  http://gu.com/p/34kbg/tw   via  @  guardian  #  arabspring  #  revolution  #  primaveraaraba 
 2012-01-14  13:50:02 ;A313Aj; نسأل  الله  ان  لا  نفجع  بخبر  استشهاد  فتى  او  شيخ  او  طفل  او  امراة  فقد  تعودنا  بعد  كل  خطاب  للطاغية  (حمد)  يسقط  شهيد!  #  Bahrain  #  Arabspring 
 2012-01-14  13:49:26 ;bohasan; هل  ضاعت  المبادرات  ؟  أم  أنها  استسلمت  للواقع؟  #  Saudi  #  qatif  #  kuwait  #  bahrain  #  arabspring 
 2012-01-14  13:48:21 ;edwardedark; when  you  make  peaceful  change  impossible  you  make  violent  revolution  inevitable.  that  phrase  explains  the  #  ArabSpring  and  events  in  #  Syria 
 2012-01-14  13:47:52 ;JAWAD_BH; @DRAbbasHashim  نعم  سيدنا  لا  شي  يبشر  بخير  والتطهير  العرقي  مستمر  علي  ايدي  هؤلاء  وآخرها  عزل  عبدالكريم  حسن  من  منصبه  #  14feb  #  Bahrain  #  ArabSpring 
 2012-01-14  13:47:30 ;bohasan; يبدو  أن  الصفيح  الساخن  الذي  عليه  الدنيا  قد  ذاب  !!  #  Saudi  #  bahrain  #  kuwait  #  yemen  #  arabspring 
 2012-01-14  13:46:42 ;CliveChristian2; #  bahrain  #  14feb  #  lulu  #  arabspring  #  q8  #  tahrir  #  syria  يا  حمد  لا  خطاب  ينفعك  بعد  اليوم  الشعب  قال  كلمته  أرحلوو  عن  أرضنا  يا  صهاينه 
 2012-01-14  13:46:38 ;Fakta14; “  @  MARYAMALKHAWAJA:15  year  old  Hussain  Habib  Salman  was  arrested  yesterday  after  being  severely  beaten  #  bahrain  feb14  #  arabspring”  @  carlbildt 
 2012-01-14  13:46:21 ;SAUDI_LIBER; دولة  لاتؤمن  أن  الأمن  الحقيقي  هو  حماية  الفكر  والحرية  والحقوق...لاتستحق  الاحترام  #  GCC‏  ‎  #  Arabspring‏ 
 2012-01-14  13:46:20 ;MANQOL_NEWS_MNN; #  QATAR  #  Syria  #  news  #  Freedom  #  Arab  #  ArabSpring  المعارضة  التونسية:  لا  أهلاً  ولا  سهلاً  يا... 
 2012-01-14  13:46:16 ;TAQIALZEERA; "  The  time  is  always  right  to  do  what  is  right.  ~  Martin  Luther  King  Jr"  #  BAHRAIN  #  BAH  #  USA  #  EU  #  UK  #  IRELAND  #  CANADA  #  HOLLAND  #  ARABSPRING 
 2012-01-14  13:46:14 ;MANQOL_NEWS_MNN; #  QATAR  #  Syria  #  news  #  Freedom  #  Arab  #  ArabSpring  أحمد  الحاج  علي  روسيا  اليوم  14/1/2012  يقد... 
 2012-01-14  13:46:05 ;FrLo_2010; دولة  لاتحترم  صوت  كل  مواطن..وحقه  في  المشاركة  في  تقرير  مصير  وطنه..وحماية  ثرواته..وسياساته..لاتستحق  الاحترام  #  GCC‏  ‎  #  Arabspring‏  #  bahrain 
 2012-01-14  13:46:02 ;MANQOL_NEWS_MNN; #  QATAR  #  Syria  #  news  #  Freedom  #  Arab  #  ArabSpring  الـ«الموساد»  يستعين  بالـ«C.I.A»  لدعم  منظ... 
 2012-01-14  13:45:56 ;MANQOL_NEWS_MNN; #  QATAR  #  Syria  #  news  #  Freedom  #  Arab  #  ArabSpring  أزمة  مالية  غير  "معلنة"  بشأن  استمرار  بعثة... 
 2012-01-14  13:45:48 ;MANQOL_NEWS_MNN; #  QATAR  #  Syria  #  news  #  Freedom  #  Arab  #  ArabSpring  بعد  خروج  حمد  منها  مطرودا..  نواكشط  تغلق  م... 
 2012-01-14  13:45:38 ;MANQOL_NEWS_MNN; #  QATAR  #  Syria  #  news  #  Freedom  #  Arab  #  ArabSpring  الجزء  الاول  :  تقرير  عن  الارهاب  والارهابي... 
 2012-01-14  13:45:29 ;alhojairy; What  if  there  was  an  equipment  that  can  record  the  smell  of  tear  gas  ?  #  bahrain  #  countryofgasses  #  arabspring  #  gcc  #  arabspring 
 2012-01-14  13:44:54 ;asmaBHB; عـندما  هرب  بن  علي  فرحنا..  وعندما  يهلك  بشار  سنبكي  من  الفرح..قريبا  بإذن  الله  #  Syria  #  ArabSpring  #  Tunisia 
 2012-01-14  13:44:47 ;SAUDI_LIBER; دولة  يتم  فيها  تصنيف  المواطنين  بشكل  طائقي  أو  قبلي  أو  طبقي  أو  عنصري...لاتستحق  الاحترام  #  GCC‏  ‎  #  Arabspring‏ 
 2012-01-14  13:44:19 ;manqolMnn; #  Syria  #  news  #  Freedom  #  Arab  #  ArabSpring  المعارضة  التونسية:  لا  أهلاً  ولا  سهلاً  يا  حمد...تونس  ليست  للبيع  لا  تخفي...  http://fb.me/1DFMI66zK 
 2012-01-14  13:43:22 ;SAUDI_LIBER; دولة  لاتحترم  صوت  كل  مواطن..وحقه  في  المشاركة  في  تقرير  مصير  وطنه..وحماية  ثرواته..وسياساته..لاتستحق  الاحترام  #  GCC‏  ‎  #  Arabspring‏ 
 2012-01-14  13:42:38 ;MariaCaspani85; “  @  MARYAMALKHAWAJA:  Badriya  Ali  is  another  victim  of  the  crimes  of  the  regime  in  #  bahrain.  May  she  RIP  #  feb14  #  arabspring” 
 2012-01-14  13:41:57 ;alhojairy; ماذا  لو  كان  هناك  جهاز  يقوم  بتسجيل  رائحة  مسيلات  الدموع  والغازات  السامة  ويبثها  مرة  أخرى  عند  العرض  ؟  #  bahrain  #  teargas  #  arabspring  #  gcc 
 2012-01-14  13:41:25 ;SAUDI_LIBER; دولة  لايتساوى  فيها  المواطن  البسيط..وهرم  السلطة  أمام  قوانينها...لاتستحق  الاحترام  #  GCC‏  ‎  #  Arabspring‏ 
 2012-01-14  13:40:43 ;Nervana_1; #  ArabSpring:  Year  one  freedom  was  shocking,  magical,  though  painful  and  bloody.  Year  Two  would  definitely  be  sobering  and  challenging. 
 2012-01-14  13:40:31 ;Doublesheaha; ان  كان  نبيل  رجب  يتكلم  باسم  حقوق  الانسان  لماذا  لم  يتكلم  من  اجل  شعب  الأحواز  و  سوريا؟؟؟  #  Baharin  #  Kauwit  #  OMAN  #  Arabspring  #  AlFate7  #  Egypt 
 2012-01-14  13:40:07 ;SAUDI_LIBER; دولة  لايصل  فيها  صوت  المواطن  لهرم  السلطة..ويسمع  كما  يسمع  صوت  الحاكم...لاتستحق  الاحترام  #  GCC‏  ‎  #  Arabspring‏ 
 2012-01-14  13:39:25 ;Londonstani; "Yup,  human  rights  activists  get  regime  change  done"  Amnesty's  Arab  Spring  report  on  Londonstani  #  ArabSpring  #  Amnesty 
 2012-01-14  13:39:09 ;FrLo_2010; انطلاق  مسيرة  أهالي  المعامير  رجال  ونساءا  وهتاقات  الثورة  تتعالى  باللغتين  العربية  والانجلزية  #  Bahrain  #  14feb  #  feb14  #  ArabSpring  #  lulu” 
 2012-01-14  13:39:08 ;sauvonsleurope; RT  @  OccupyThePress:  2011:  A  Year  of  Social  Unrest  Across  the  Globe  -  http://www.occupythepress.org/content/2011-year-social-unrest-across-globe …  #  ows  #  occupyTogether  #  arabspring 
 2012-01-14  13:38:46 ;SAUDI_LIBER; دولة  لايحترم  فيها  حق  المواطن  وحريته  لاتستحق  الاحترام..  #  GCC  #  Arabspring 
 2012-01-14  13:38:46 ;mamer14feb; انطلاق  مسيرة  أهالي  المعامير  رجال  ونساءا  وهتاقات  الثورة  تتعالى  باللغتين  العربية  والانجلزية  #  Bahrain  #  14feb  #  feb14  #  ArabSpring  #  lulu 
 2012-01-14  13:37:56 ;mamer14feb; مسيرة  أهالي  المعامير  رجال  ونساءا  وهتاقات  الثورة  تتعالى  باللغتين  العربية  والانجلزية  @  Ali_Almossawi  #  Bahrain  #  14feb  #  feb14  #  ArabSpring  #  lulu 
 2012-01-14  13:37:52 ;sauvonsleurope; RT  @  lemondefr:  La  Tunisie  fête  une  année  sans  Ben  Ali  http://lemde.fr/wTWPAx  #  arabspring  #  europrogressisme 
 2012-01-14  13:37:16 ;its_bahrain; مسيرة  أهالي  المعامير  رجال  ونساءا  وهتاقات  الثورة  تتعالى  باللغتين  العربية  والانجلزية  @  Ali_Almossawi  #  Bahrain  #  14feb  #  feb14  #  ArabSpring  #  lulu 
 2012-01-14  13:36:14 ;Ben_Mussa; قريباً  ..  مقال  "ربيع  العرب  ..  وخريف  إسرائيل  ..  وجدتي"  ..  بقلم  أحمد  بن  موسى  #  Libya  #  Arab  #  #  ArabSpring 
 2012-01-14  13:34:58 ;MideastVoice; #  arabspring  Tunisia  Marks  Anniversary  of  Ben  Ali  Ouster  http://ow.ly/1gIxQP 
 2012-01-14  13:34:25 ;OccupyThePress; 2011:  A  Year  of  Social  Unrest  Across  the  Globe  -  #  occupythepress  takes  a  look  back  -  http://www.occupythepress.org/content/2011-year-social-unrest-across-globe …  #  ows  #  occupyTogether  #  ArabSpring 
 2012-01-14  13:34:24 ;Doublesheaha; الي  يومنا  هذا،  المعارضة  البحرينية  قالت  الكثير  من  اجل  شعب  تونس،  مصر  ولكنها  تجاهلت  المجازر  في  سوريا!  #  Egypt  #  Arabspring  #  Kauwit  #  UAE  #  Baharin 
 2012-01-14  13:33:21 ;manqolMnn; #  Syria  #  news  #  Freedom  #  Arab  #  ArabSpring  أحمد  الحاج  علي  روسيا  اليوم  14/1/2012  يقدم  تحليل  سياسي  عن  تصريحات  بان...  http://fb.me/1hdw6td8e 
 2012-01-14  13:33:20 ;HutchDCArchive; #  arabspring  Tunisia  Marks  Anniversary  of  Ben  Ali  Ouster  http://ow.ly/1gIyht 
 2012-01-14  13:32:54 ;OccupyMainSt; Can  there  be  any  remaining  doubt  that  the  power  of  #  ThePeople  is  capable  of  affecting  great  socio-political  change?  #  ArabSpring  #  OWS 
 2012-01-14  13:31:13 ;beautifultango7; #  Bouteflika's  speech,  let  alone  presence,  is  an  insult  to  the  #  ArabSpring  and  to  the  Algerians.  #  Jan14  #  Algeria  #  Tunisia 
 2012-01-14  13:31:10 ;14FebPRPC; #  ArabSpring  #  14Feb  #  Bahrain  ما  الذي  أخر  نجاح  ثورة  14  فبراير؟  https://www.facebook.com/14FebPRPC/posts/275974622460110 … 
 2012-01-14  13:29:32 ;99sadadi; |  جلال  فيروز  |  تقول  ام  الشهيد  كان  مقرر  ان  اذهب  معه  لكربلا  لكنه  سبقني  الى  هناك  #  bahrain  #  FEB14  #  LULU  #  arabspring 
 2012-01-14  13:28:48 ;HutchDCArchive; #  arabspring  Tunisians  Mark  First  Anniversary  of  Ben  Ali  Ouster  http://ow.ly/1gIzAw 
 2012-01-14  13:28:04 ;manqolMnn; #  Syria  #  news  #  Freedom  #  Arab  #  ArabSpring  الـ«الموساد»  يستعين  بالـ«C.I.A»  لدعم  منظمة  «جند  الله»  الإرهابية  وتنفيذ...  http://fb.me/1ElPaOhKj 
 2012-01-14  13:27:40 ;14FebPRPC; #  ArabSpring  #  14Feb  #  Bahrain  Why  Pearl  Revolution  has  not  yet  succeeded?  https://www.facebook.com/14FebPRPC/posts/274678922589680 … 
 2012-01-14  13:27:31 ;lettherebenoor; #  FreeTunisia  Graffiti  :  'Oh  how  beautiful  #  Tunisia  is  without  Ali  Baba  &  his  40  thieves'.  #  RIPabuAzizi  #  ArabSpring  pic.twitter.com/9oQDaqIs 
 2012-01-14  13:27:08 ;99sadadi; فعاليات  ..  (  أسْبوع  ثوّار  الميادين  ).  http://fb.me/NVqijp2n  #  bahrain  #  FEB14  #  arabspring  #  lulu 
 2012-01-14  13:23:47 ;Jordanoholic; ليس  كل  ما  يلمع  ذهبا-  انحدار  صفوة  تويتر  الاردن  >  http://www.jordanoholic.com/blog/reform/twitter-ordon …  by  @  RaedAlbashir  @  Jordanoholic  #  Amman  #  Jordan  #  ReformJO  #  ArabSpring  #  JO 
 2012-01-14  13:21:40 ;irishnewsreview; 1st  anniversary  of  uprisings  across  Middle  East  and  Africa  #  tunisia  #  syria  #  arabspring  #  usa  #  eu  #  libya  #  gaddafi  #  egypt  #  mubarak  #  un  #  nato 
 2012-01-14  13:21:14 ;SteveAHorn; The  Bouazizi  Spark:  Beginning  of  a  Long  Revolutionary  Process  http://english.al-akhbar.com/content/bouazizi-spark-beginning-long-revolutionary-process …  via  @  AlakhbarEnglish  by  Gilbert  Achcar  #  ArabSpring  #  OWS 
 2012-01-14  13:20:52 ;sharek_with_us; #  SYRIA2DAY  #  QATAR  #  Syria  #  news  #  Freedom  #  Arab  #  ArabSpring  خبراء  ومحللون:  الرهان  على  سقوط  سو...  -  http://on.fb.me/yVguy9 
 2012-01-14  13:20:49 ;sharek_with_us; #  SYRIA2DAY  #  QATAR  #  Syria  #  news  #  Freedom  #  Arab  #  ArabSpring  البطريرك  هزيم:  للجاليات  السورية  ف...  -  http://on.fb.me/wANkN7 
 2012-01-14  13:20:38 ;sharek_with_us; #  SYRIA2DAY  #  QATAR  #  Syria  #  news  #  Freedom  #  Arab  #  ArabSpring  مواطن  فاض  به  الحال  يشكي  ماساته  وم...  -  http://on.fb.me/yc6viG 
 2012-01-14  13:20:36 ;manqolMnn; #  Syria  #  news  #  Freedom  #  Arab  #  ArabSpring  أزمة  مالية  غير  "معلنة"  بشأن  استمرار  بعثة  المراقبين..  4  دول  فقط  دفعت...  http://fb.me/1BE1xa3x9 
 2012-01-14  13:20:31 ;sharek_with_us; #  FREEDOM  #  SYRIA  #  NEWS  #  QATAR  #  Syria  #  news  #  Freedom  #  Arab  #  ArabSpring  #  qatar  خطاب  السيد  حس...  -  http://on.fb.me/AgfwE6 
 2012-01-14  13:20:30 ;sharek_with_us; #  FREEDOM  #  SYRIA  #  NEWS  #  QATAR  #  Syria  #  news  #  Freedom  #  Arab  #  ArabSpring  خطاب  السيد  حسن  نصر...  -  http://on.fb.me/xuQDX2 
 2012-01-14  13:20:17 ;hooood0; “@AbusaibaVoice:  فيديو  |  أطفال  البلاد  ملعون  من  صف  الشغب  بدوار  اللؤلؤة  http://fb.me/1jU2TFJzX  @  14FebTV  #  egypt  #  KSA  #  arabspring  #  Qatar 
 2012-01-14  13:20:16 ;ummohanned99; #  Egypt  #  Tunis  #  Arabspring  #  yemen  #  Jordan  #  bahrain  RTBH  فيديو  عن  شهداء  الواجب  في  البحرينhttp://www.youtube.com/watch?v=sAdPOnZ2sMs … 
 2012-01-14  13:20:14 ;sharek_with_us; #  SYRIA2DAY  #  QATAR  #  Syria  #  news  #  Freedom  #  Arab  #  ArabSpring  امير  قطر  يؤيد  إرسال  قوات  عربية  ا...  -  http://on.fb.me/AAKW1s 
 2012-01-14  13:20:11 ;sharek_with_us; #  SYRIA2DAY  #  QATAR  #  Syria  #  news  #  Freedom  #  Arab  #  ArabSpring  تشييع  جثامين  17  شهيداً  من  عناصر...  -  http://on.fb.me/zUQV3q 
 2012-01-14  13:20:04 ;sharek_with_us; #  SYRIA2DAY  #  QATAR  #  Syria  #  news  #  Freedom  #  Arab  #  ArabSpring  العربي:  مراجعة  شاملة  لعمل  بعثة  ا...  -  http://on.fb.me/wNMDHl 
 2012-01-14  13:19:53 ;Sa_E_eD; #  Tunisia  #  ArabSpring  كل  سنة  وانتم  احرار 
 2012-01-14  13:19:11 ;14FebTube; الآلاف  تزحف  للميدان  وقوات  الشغب  تقمعهم  بوحشية  14/1/2012  http://youtu.be/uaaiVyr5ye4  #  Bahrain  #  14Feb  #  14FebTube  #  Egypt  #  US  #  UK  #  UN  #  Arabspring  #  GCC 
 2012-01-14  13:16:35 ;TamerElSaghir; #  NowPlaying  #  NowListening  #  Neyssatou  بديعة  بوحريزي  -  حــرية  #  tahrir  #  ArabSpring  #  Egypt  #  Jan25Two  #  fuckscaf  #  NoMilTrials  http://youtu.be/bDJwC0dBiRE 
 2012-01-14  13:15:30 ;wejdanjassim; الخلاصة  ثورة  تونس  فجرها  القهر  والكبت  ولكنها  لم  تفلح  في  القضاء  عليهما  حتى  هذه  اللحظة  #  bahrain  #  arabspring 
 2012-01-14  13:14:29 ;difficult2011; هدم  المساجد  في  البحرين  مع  وثائق  رسمية  ..  @  14FebRevolution  @  14FebTV  https://picasaweb.google.com/112513393313979261495/hNDDCJ# …  #  arabspring 
 2012-01-14  13:13:42 ;cgpb; Iran  holds  US,  UK  accountable  for  assassination  http://bit.ly/xNCMQN  @  RES911CUE  #  theocracy  #  islam  #  tcot  #  gop  #  sharia  law  #  p2  #  ArabSpring 
 2012-01-14  13:13:39 ;AlaaTarradah; وانا  اقول  الان-بكامل  قواي  العقلية-  يا  العرب،الله  يجيركون  من  الي  جاي!!  #  ArabSpring  #  GCC  #  Egypt  #  yeman  #  Syria  #  Tunis  #  Lebanon  #  iraq  #  Libya 
 2012-01-14  13:13:36 ;wejdanjassim; والان  بعد  انتخابات  تونس  ومرور  سنة  على  الثورة  ماذا  جنى  الشباب  الثائر؟  ٨٠٠  الف  عاطل  واحباط  في  بطء  التنمية  والسيولة  #  arabspring  #  bahrain 
 2012-01-14  13:12:55 ;manqolMnn; #  Syria  #  news  #  Freedom  #  Arab  #  ArabSpring  بعد  خروج  حمد  منها  مطرودا..  نواكشط  تغلق  مركزا  تابعا  لموزة  زوجة  حمد  لم  تهدأ...  http://fb.me/M1kQ3uPb 
 2012-01-14  13:12:42 ;difficult2011; أحداث  جامعة  البحرين  .  @  14FebRevolution  #  arabspring  @  14FebTV  .  https://picasaweb.google.com/Fakhri.Almosawi/UniversityOfBahrainEvents … 
 2012-01-14  13:12:15 ;lettherebenoor; Happy  1st  #  ArabSpring  anniversary!  May  Abu-Azizi  rest  in  absolute  peace  and  be  accepted  as  a  martyr. 
 2012-01-14  13:11:36 ;mysterious_memo; اعتقد  ان  وضع  بدرية  يحمل  رسالة  مضمونها"لا  تلومو  الجميع  على  عدم  مشاركتهم  في  فعاليات  الثورة,  فالخوف  في  القلوب  له  مستوياته"  #  bahrain  #  arabspring 
 2012-01-14  13:11:31 ;wejdanjassim; ورحل  بن  علي  الى  السعودية  ومرت  تونس  بمرحلة  انتقالية  ركب  موجة  الشباب  الاحزاب  السياسية  وصار  لهم  النصيب  الاكبروالحظوة.يتبع  #  arabspring  #  bahrain 
 2012-01-14  13:10:02 ;jp966; One  year  on,  Tunisians  still  waiting  for  #  HumanRights  overhaul  -  Amnesty  International  http://bit.ly/ylFVyo  #  ArabSpring  #  Tunisia 
 2012-01-14  13:09:57 ;Deema22; @  shadi_masri  in  Greek  hitting  the  Journalists  pic.twitter.com/2Dzac5dC  @  OMasarweh  @  AdhamEtoom  #  Arabspring  #  ReformJo 
 2012-01-14  13:09:09 ;NoonArabia; The  #  ArabSpring  one  year  later:  #  BenAli  in  #  KSA,  #  Gaddafi  in  Hell,  #  Mubarak  in  court,  #  Saleh  immune  in  #  Yemen  and  #  Bashar  killing  in  #  Syria 
 2012-01-14  13:08:28 ;mysterious_memo; من  الواضح  ان  بدرية  لم  ترغب  ان  تكون  بوعزيزي  آخر,فحرقها  لنفسها  كان  نتاج  حالة  نفسية  انفجرت  بعد  كتمان  طويل  في  صورة  الانتحار  #  bahrain  #  arabspring 
 2012-01-14  13:07:11 ;GalleryVillages; أطفال  البلاد  ملعون  من  صف  الشغب  بدوار  اللؤلؤة  #  alwefaq  #  GCC  #  Arabspring  #  Bahrain  #  14Feb  #  Feb14  #  Lulu  #  Boori  #1  http://fb.me/1ncjUN4AU 
 2012-01-14  13:07:02 ;AlNahdaNews; #  Syria  #  Lebanon  #  Jordan  #  Palestine  #  Cyprus  #  Kuwait  #  Iraq  #  Freedom  #  Arab  #  ArabSpring  #  News  #Press#Edleb  #  Bomb...  http://fb.me/1vIAKiELn 
 2012-01-14  13:06:55 ;difficult2011; الهجوم  على  ميدان  الشهداء  -  @  14FebRevolution  2  https://picasaweb.google.com/Fakhri.Almosawi/AttackingPearlSquare2 …@14FebTV  #  arabspring 
 2012-01-14  13:06:23 ;AsGh01; في  أيام  اشتد  الحال  فيها  على  الشعب  السوري  تأتي  ذكرى  هروب  بن  علي  لتلهمهم  أن  لحظة  غامرة  في  السعادة  تنتظرهم  :)  #  SyRiA  #  ArAbSpRing  #  TuNiS  #  HoMs 
 2012-01-14  13:06:20 ;wejdanjassim; بدات  ثورة  تونس  بقصة  بائع  الفواكه  البوعزيزي  وانتشرت  في  اوساط  الشباب  الثائر  ولم  يجد  لها  حلا  الرئيس  بن  على  آنذاك  .يتبع  #  arabspring  #  bahrain 
 2012-01-14  13:04:45 ;manqolMnn; #  Syria  #  news  #  Freedom  #  Arab  #  ArabSpring  الجزء  الاول  :  تقرير  عن  الارهاب  والارهابيين  في  دير  الزور  الذين  يقومون  بقتل...  http://fb.me/1uBhgvNxp 
 2012-01-14  13:04:37 ;amir1196; أم  الشهيد  يوسف  الموالي  تطلب  من  شعب  البحريني  حظوركم  التشيع  فهل  شعب  البحريني  قادر  على  تلبيت  هذا  الطلب  @  MahazzaMedia  #  bahrain3  #  arabspring  #  bh 
 2012-01-14  13:04:30 ;AlNahdaNews; #  Syria  #  Lebanon  #  Jordan  #  Palestine  #  Cyprus  #  Kuwait  #  Iraq  #  Freedom  #  Arab  #  ArabSpring  #  News  #Press#Edleb  #  Bomb  شبكة...  http://fb.me/B7SItekF 
 2012-01-14  13:03:41 ;AGossow; ElBaradei  ends  presidency  bid  #  ArabSpring  #  LetTheRevolutionBegin  again!  http://www.bbc.co.uk/news/world-middle-east-16561273 … 
 2012-01-14  13:03:17 ;wejdanjassim; يحي  التونسيون  الذكرى  السنوية  الاولى  على  ثورتهم  التي  فجرت  الربيع  العربي  والسؤال  ما  هي  النتيجة  !يتبع  #  bahrain  #  arabspring 
 2012-01-14  13:03:17 ;MANQOL_NEWS_MNN; #  QATAR  #  Syria  #  news  #  Freedom  #  Arab  #  ArabSpring  مسلحون  يخربون  أبراج  للتوتر  العالي  بدير  ا... 
 2012-01-14  13:03:14 ;difficult2011; بلطجية  نظام  آل  خليفة  .  #  arabspring  @  14FebRevolution  @  BahrainNation  .  https://picasaweb.google.com/Fakhri.Almosawi/AlkhalifaGovernmentThugs … 
 2012-01-14  13:03:11 ;MANQOL_NEWS_MNN; #  QATAR  #  Syria  #  news  #  Freedom  #  Arab  #  ArabSpring  النسر  الشامي  وشهداء  الشام  ...  بقلم  :اليا... 
 2012-01-14  13:02:58 ;MANQOL_NEWS_MNN; #  QATAR  #  Syria  #  news  #  Freedom  #  Arab  #  ArabSpring  خبراء  ومحللون:  الرهان  على  سقوط  سورية  فشل... 
 2012-01-14  13:02:49 ;MANQOL_NEWS_MNN; #  QATAR  #  Syria  #  news  #  Freedom  #  Arab  #  ArabSpring  مواطن  فاض  به  الحال  يشكي  ماساته  وماساة  سو... 
 2012-01-14  13:02:33 ;MANQOL_NEWS_MNN; #  QATAR  #  Syria  #  news  #  Freedom  #  Arab  #  ArabSpring  البطريرك  هزيم:  للجاليات  السورية  في  المغت... 
 2012-01-14  13:02:22 ;Santamalia0707; 忙しくなる前に"TPP"と"アラブの春"についてはまとめてレポートにしとく。  #  tpp  #  arabspring 
 2012-01-14  13:01:32 ;difficult2011; تكسير  السيارات  في  جزيرة  سترة.  @  14FebRevolution  .  https://picasaweb.google.com/Fakhri.Almosawi/ThugsCrushingCarsSitra …@14FebTV  #  arabspring 
 2012-01-14  13:00:33 ;Deema22; @  shadi_masri  هل  رأيت  كيف  تتعامل  شرطة  الغرب  مع  المظاهرات  السلمية؟  أرسل  لك  لينكس؟  @  OMasarweh  #  Arabspring  #  ReformJo 
 2012-01-14  13:00:32 ;3ayoonalbahrain; 19.  Hizbulla  terror  cells  last  night:  http://cutt.us/VS22   http://cutt.us/v49r "  #  Applylaw  #  ARAB  #  arabspring  #  bahrain 
 2012-01-14  12:59:42 ;Deema22; @  shadi_masri  بماذا  تبرر  شتم  الملك  وحرق  الصورة  والكلام  البذيء؟  @  OMasarweh  #  Arabspring  #  ReformJo 
 2012-01-14  12:59:06 ;richardlevick; Anniversary  of  Tunisia  liberation  --  the  start  of  #  ArabSpring.  The  import  of  training  citizen  journalists.  http://bit.ly/A808l5  #  Levick 
 2012-01-14  12:58:42 ;juliacreinhart; Indeed!  RT  @  iyad_elbaghdadi  What  a  year  it  has  been.  #  ArabSpring  #  J14 
 2012-01-14  12:58:30 ;juliacreinhart; RT  @  iyad_elbaghdadi  Today's  the  one-year  anniversary  of  Ben  Ali's  departure  and  the  triumph  of  Tunisia's  revolution.  #  ArabSpring  #  J14 
 2012-01-14  12:57:18 ;Fatnnnnnnnnna; الاستعداد  لإعلان  إنشاء  المجلس  العسكري  السوري  الأعلى  المناهض  للنظام  -  بوابة  الشروق  #  syria  #  egypt  #  noscaf  #  arabspring  http://www.shorouknews.com/news/view.aspx?cdate=14012012&id=01845c64-2d56-4c72-a4d0-91928c169d42 … 
 2012-01-14  12:57:16 ;difficult2011; Martyrs  of  Bahrain  https://picasaweb.google.com/112513393313979261495/MartyrsOfBahrain# …  @  14FebRevolution  @  14FebTV  #  arabspring  #  usa  #  un 
